Top pages,Clicks,Impressions,CTR
https://www.johndcook.com/blog/2025/05/24/dungeons-dragons-and-numbers/,3282,53563,6.13%
https://www.johndcook.com/blog/2025/08/17/factoring-stencils/,1350,63015,2.14%
https://www.johndcook.com/blog/2025/10/23/smith-chart/,984,22355,4.4%
https://www.johndcook.com/blog/2025/08/15/very-long-string-to-int/,665,18934,3.51%
https://www.johndcook.com/blog/2025/07/07/legendre-polynomials/,574,25472,2.25%
https://www.johndcook.com/blog/2025/08/15/american-flag-prime/,559,21823,2.56%
https://www.johndcook.com/blog/2025/03/30/fundamental-solution/,518,14960,3.46%
https://www.johndcook.com/blog/2025/09/10/mental-rng/,481,9376,5.13%
https://www.johndcook.com/blog/2025/10/31/smaller-qr-codes/,445,27503,1.62%
https://www.johndcook.com/blog/2025/07/14/continental-divide/,397,25971,1.53%
https://www.johndcook.com/blog/2025/10/08/diffeq-donut/,380,12851,2.96%
https://www.johndcook.com/blog/2025/03/31/minimal-surface-solutions/,372,17293,2.15%
https://www.johndcook.com/blog/2025/10/29/estimating-log-base-2/,369,22771,1.62%
https://www.johndcook.com/blog/2025/05/04/the-first-fork/,367,10938,3.36%
https://www.johndcook.com/blog/2025/11/24/tv-tuned-to-a-dead-channel/,364,7223,5.04%
https://www.johndcook.com/blog/2025/07/13/all-pieces-on-a-small-chessboard/,344,8821,3.9%
https://www.johndcook.com/blog/2025/11/09/rolling-correlation/,279,6842,4.08%
https://www.johndcook.com/blog/2025/06/04/persistence/,272,14002,1.94%
https://www.johndcook.com/blog/2025/07/17/multiples-and-powers-mod-1/,258,8241,3.13%
https://www.johndcook.com/blog/2025/09/11/random-inside-triangle/,255,5178,4.92%
https://www.johndcook.com/blog/2025/10/12/invert-mobius/,245,7462,3.28%
https://www.johndcook.com/blog/2025/07/31/roundest-regular-solid/,243,9080,2.68%
https://www.johndcook.com/blog/2025/02/23/complex-golden-convergence/,210,12414,1.69%
https://www.johndcook.com/blog/2025/11/02/impedance-and-trianglular-numbers/,172,11236,1.53%
https://www.johndcook.com/blog/2024/12/09/coiled-logarithmic-graph/,163,12926,1.26%
https://www.johndcook.com/blog/2025/11/10/brownian-zeta/,129,4223,3.05%
https://www.johndcook.com/blog/2025/05/24/frameworks/,111,1645,6.75%
https://www.johndcook.com/blog/2025/05/04/spacing-between-branches/,75,3689,2.03%
https://www.johndcook.com/blog/2025/08/16/randomly-generated-dragon/,73,2459,2.97%
https://www.johndcook.com/blog/2025/05/21/runge-spikes/,69,1668,4.14%
https://www.johndcook.com/blog/2025/04/12/logarithmic-sawtooth/,68,5506,1.24%
https://www.johndcook.com/blog/2025/05/04/island-of-stability/,58,1100,5.27%
https://www.johndcook.com/blog/2025/03/06/gelu/,56,2102,2.66%
https://www.johndcook.com/blog/2025/06/25/patching-functions-together/,55,2294,2.4%
https://www.johndcook.com/blog/2025/05/03/logistic-map-convergence/,50,1274,3.92%
https://www.johndcook.com/blog/2025/09/28/extrapolating-quantum-factoring/,47,1843,2.55%
https://www.johndcook.com/blog/2024/12/18/erf-approx/,45,1848,2.44%
https://www.johndcook.com/blog/2025/10/08/zcash-price-doubled/,45,967,4.65%
https://www.johndcook.com/blog/2025/06/24/log-ish/,34,1135,3%
https://www.johndcook.com/blog/2024/12/17/cos-key-fixedpoint/,28,2073,1.35%
https://www.johndcook.com/blog/2025/02/12/chebyshev-third-fourth/,28,920,3.04%
https://www.johndcook.com/blog/2025/08/13/tiny-jubjub/,27,1012,2.67%
https://www.johndcook.com/blog/2025/05/22/wilkinsons-polynomial/,24,365,6.58%
https://www.johndcook.com/blog/2025/07/18/powers-of-3-sqrt2/,22,1567,1.4%
https://www.johndcook.com/blog/2025/03/05/on-making-databases-run-faster/,22,592,3.72%
https://www.johndcook.com/blog/2025/03/29/looking-at-your-data/,20,2622,0.76%
https://www.johndcook.com/blog/2025/09/08/mandelbrot-area-and-escape-times/,20,1204,1.66%
https://www.johndcook.com/blog/2025/08/06/making-2d-1d/,17,760,2.24%
https://www.johndcook.com/blog/2025/11/02/anti-smith-chart/,11,446,2.47%
https://www.johndcook.com/blog/2025/05/11/eight-queens-symmetry/,9,377,2.39%
https://www.johndcook.com/blog/2025/01/22/duplicating-hankel-plot-from-as/,7,755,0.93%
https://www.johndcook.com/blog/2025/05/13/alternative-exp-and-log-notation/,5,528,0.95%
https://www.johndcook.com/blog/2025/05/13/a-crowded-little-chess-puzzle/,4,71,5.63%
https://www.johndcook.com/blog/2024/11/10/the-postage-stamp-problem/,4,62,6.45%
https://www.johndcook.com/blog/2025/05/08/why-do-llms-have-emergent-properties/,4,29,13.79%
https://www.johndcook.com/blog/2024/10/19/channel-capacity-of-a-telegraph/,3,608,0.49%
https://www.johndcook.com/blog/2025/05/09/sorting-roman-numerals/,3,214,1.4%
https://www.johndcook.com/blog/2025/05/28/dragonfly/,3,120,2.5%
https://www.johndcook.com/blog/2025/03/27/superhyperbola/,3,52,5.77%
https://www.johndcook.com/blog/2025/02/20/mnemonic-images-grok-3/,2,395,0.51%
https://www.johndcook.com/blog/2024/12/09/erdos-pentagon/,2,380,0.53%
https://www.johndcook.com/blog/2025/06/01/parabola-ellipse/,2,86,2.33%
https://www.johndcook.com/blog/2025/09/17/morse-code-beyond-the-solar-system/,2,80,2.5%
https://www.johndcook.com/blog/2024/11/14/ramanujans-master-theorem/,2,36,5.56%
https://www.johndcook.com/blog/2025/05/10/non-attacking-bishops/,2,31,6.45%
https://www.johndcook.com/blog/2025/05/31/pascals-ellipse/,2,31,6.45%
https://www.johndcook.com/blog/2025/04/16/triangulate-polygon/,1,67,1.49%
https://www.johndcook.com/blog/2025/05/14/another-little-chess-puzzle/,1,66,1.52%
https://www.johndcook.com/blog/2024/12/19/interval-arithmetic/,1,36,2.78%
https://www.johndcook.com/blog/2025/05/02/n-queens-in-3d/,1,25,4%
https://www.johndcook.com/blog/2025/02/22/golden-convergence/,0,95,0%
https://www.johndcook.com/blog/2024/12/03/bi-elliptic-transfer/,0,84,0%
https://www.johndcook.com/blog/2025/11/05/japanese-polygon-theorem/,0,79,0%
https://www.johndcook.com/blog/2025/06/01/gardeners-ellipse/,0,42,0%
https://www.johndcook.com/blog/2025/03/08/chatgpt-tokens-and-unicode/,0,39,0%
https://www.johndcook.com/blog/2025/05/16/trinomial-coefficients-and-kings/,0,36,0%
https://www.johndcook.com/blog/2025/04/06/satellite-altitude/,0,21,0%
https://www.johndcook.com/blog/2025/01/07/can-ai-models-reason-like-a-human/,0,20,0%
https://www.johndcook.com/blog/2025/02/03/deepseek-r1-do-we-need-less-compute-now/,0,16,0%
https://www.johndcook.com/blog/2024/12/02/rotating-macbook-keys/,0,11,0%
https://www.johndcook.com/blog/2025/09/17/learning-languages-with-the-help-of-algorithms/,0,11,0%