Country,Clicks,Impressions,CTR,Position
United States,387554,22420586,1.73%,14.62
India,123434,4142855,2.98%,14.78
Canada,69622,1969821,3.53%,12.85
United Kingdom,52281,2777241,1.88%,16.78
Australia,38603,1155006,3.34%,12.28
Philippines,28469,1012874,2.81%,14.06
Germany,25369,1078473,2.35%,15.04
Indonesia,19117,605293,3.16%,19.54
Romania,17103,171323,9.98%,15.05
Malaysia,15272,317885,4.8%,15.75
France,13123,590256,2.22%,18.33
Netherlands,11173,461432,2.42%,14.41
Thailand,11149,239608,4.65%,14.34
Turkey,9741,394080,2.47%,25.42
Brazil,9479,2089869,0.45%,52
Singapore,9458,356953,2.65%,10.56
Italy,9256,436689,2.12%,20.1
United Arab Emirates,8674,139270,6.23%,14.57
Spain,7834,358285,2.19%,20.66
South Africa,6798,312169,2.18%,23.99
Hong Kong,6500,212466,3.06%,9.02
Sweden,6450,269342,2.39%,12.14
South Korea,6093,379533,1.61%,28.1
Mexico,5913,385947,1.53%,26.92
New Zealand,5811,184294,3.15%,13.74
Poland,5767,330607,1.74%,15.6
Switzerland,5651,200025,2.83%,11.78
Saudi Arabia,5464,156235,3.5%,25.81
Russia,5243,571583,0.92%,37.44
Japan,5239,260638,2.01%,17.27
Israel,5205,221416,2.35%,10.83
Pakistan,5022,336793,1.49%,18.05
Greece,4697,116002,4.05%,15.68
Norway,4603,139564,3.3%,11.55
Taiwan,4154,220728,1.88%,17.48
Bangladesh,4082,201465,2.03%,20.45
Belgium,4067,155935,2.61%,12.7
Denmark,4055,156862,2.59%,11.79
Iran,4052,96099,4.22%,11.9
Vietnam,4048,376705,1.07%,31.68
Portugal,3710,118220,3.14%,15.57
Ireland,3542,179827,1.97%,18.68
Egypt,3531,179522,1.97%,19.91
Austria,3485,145481,2.4%,11.2
Finland,3431,136843,2.51%,11.24
Hungary,3123,110683,2.82%,13.6
Czechia,2685,135589,1.98%,13.85
Serbia,2543,64805,3.92%,17.12
Colombia,2536,157370,1.61%,30.25
Croatia,2402,62065,3.87%,10.89
Jordan,2206,50859,4.34%,22.84
China,2190,79982,2.74%,8.23
Puerto Rico,2128,28745,7.4%,16.29
Sri Lanka,2067,61482,3.36%,13.41
Ethiopia,1963,40468,4.85%,18.42
Lithuania,1931,54980,3.51%,25.05
Mongolia,1930,18781,10.28%,15.22
Nigeria,1916,131969,1.45%,14.03
Argentina,1786,229094,0.78%,35.25
Nepal,1766,75841,2.33%,23.04
Ukraine,1743,166738,1.05%,34.06
Qatar,1611,31997,5.03%,17.82
Bulgaria,1559,73227,2.13%,17.41
Slovenia,1528,39143,3.9%,12.2
Chile,1507,106457,1.42%,26.78
Lebanon,1376,35027,3.93%,14.24
Oman,1362,23042,5.91%,23.29
Latvia,1204,30344,3.97%,17.79
Morocco,1173,98183,1.19%,28.17
Slovakia,1162,57330,2.03%,12.74
Iraq,1088,81490,1.34%,30.55
Peru,1010,96345,1.05%,27.5
Kenya,1004,69213,1.45%,22.26
Unknown Region,966,50911,1.9%,27.24
Uzbekistan,951,54424,1.75%,23.02
Ghana,949,39012,2.43%,14.66
Cambodia,901,27074,3.33%,20.87
Myanmar (Burma),818,30015,2.73%,16
Tanzania,787,14020,5.61%,15.21
Albania,785,17815,4.41%,27.86
Algeria,750,59133,1.27%,28.24
Kuwait,733,23996,3.05%,27.77
Estonia,699,28213,2.48%,11.97
Bahrain,686,20616,3.33%,22.73
Uganda,677,19141,3.54%,12.56
Cyprus,668,24984,2.67%,24.22
Kazakhstan,629,52241,1.2%,20.61
Trinidad & Tobago,621,40509,1.53%,43.58
Moldova,572,16950,3.37%,25.7
Costa Rica,571,29551,1.93%,21.55
Azerbaijan,543,33280,1.63%,21.47
Armenia,541,23709,2.28%,15.96
Ecuador,537,105094,0.51%,46.56
Bosnia & Herzegovina,537,23180,2.32%,26.78
Georgia,491,29439,1.67%,22.89
Macedonia,475,14422,3.29%,21.08
Venezuela,437,63823,0.68%,33.01
Luxembourg,420,15887,2.64%,11.14
Tunisia,400,38838,1.03%,33.2
Jamaica,398,31934,1.25%,35.98
Palestine,391,15911,2.46%,20.83
Belarus,365,34029,1.07%,29.79
Malta,365,12919,2.83%,18.71
Libya,362,9286,3.9%,17.22
Bolivia,324,29833,1.09%,23.56
Panama,314,19195,1.64%,27.86
Uruguay,295,33246,0.89%,32.77
Fiji,295,3982,7.41%,13.52
Iceland,280,14027,2%,13.66
Dominican Republic,276,37658,0.73%,38.2
Mauritius,263,10152,2.59%,22.25
Namibia,247,5901,4.19%,16.23
Guatemala,211,24320,0.87%,23.1
Brunei,206,6537,3.15%,16.45
Honduras,186,16175,1.15%,29.86
El Salvador,184,14907,1.23%,26.94
Rwanda,181,8218,2.2%,14.47
Botswana,174,6640,2.62%,18.24
Somalia,173,4333,3.99%,18.92
Bhutan,169,3770,4.48%,10.49
Zambia,155,11206,1.38%,14.69
Zimbabwe,154,10195,1.51%,21.04
Syria,151,11663,1.29%,20.27
Macau,140,5982,2.34%,11.09
Cameroon,131,8624,1.52%,12.87
Mozambique,127,4575,2.78%,26.37
Angola,124,6820,1.82%,38.76
Papua New Guinea,120,5050,2.38%,8.5
Montenegro,113,5583,2.02%,21.13
Yemen,109,3914,2.78%,14.71
Paraguay,94,31584,0.3%,46.14
Guyana,93,7723,1.2%,36.23
Barbados,90,21996,0.41%,53.18
Cuba,90,3558,2.53%,10.68
Malawi,88,4782,1.84%,12.41
Guam,82,3385,2.42%,11.57
Senegal,80,9912,0.81%,40.16
Afghanistan,73,2707,2.7%,15.07
Lesotho,71,2354,3.02%,11.66
Nicaragua,63,8217,0.77%,25.65
Kyrgyzstan,61,8847,0.69%,30.29
Laos,60,3655,1.64%,33.94
Maldives,59,5467,1.08%,18.27
Bahamas,57,11373,0.5%,42.42
Kosovo,55,3206,1.72%,13.51
Côte d’Ivoire,54,7248,0.75%,34.12
Sudan,53,1433,3.7%,9.25
Madagascar,50,3595,1.39%,24.31
U.S. Virgin Islands,46,1626,2.83%,10.49
Isle of Man,40,2508,1.59%,22.39
Guernsey,37,1406,2.63%,16.43
Turkmenistan,36,1242,2.9%,13.27
Cayman Islands,35,3141,1.11%,40.08
Belize,33,6190,0.53%,38.61
Bermuda,31,3458,0.9%,38.62
Congo - Kinshasa,31,3296,0.94%,17.49
South Sudan,31,1630,1.9%,8.86
Niger,29,444,6.53%,9.26
Benin,28,2310,1.21%,23.74
Jersey,25,2615,0.96%,21.59
Sierra Leone,24,1955,1.23%,20.32
Aruba,24,1684,1.43%,29.9
Mauritania,24,990,2.42%,22.92
Réunion,23,1986,1.16%,30.44
Cape Verde,23,1258,1.83%,41.09
Suriname,22,2273,0.97%,40.3
St. Lucia,21,3062,0.69%,43.99
Faroe Islands,21,1013,2.07%,12.97
Djibouti,21,537,3.91%,19.74
Togo,20,2227,0.9%,36.62
Gibraltar,20,935,2.14%,23.14
Curaçao,19,1835,1.04%,34.61
Swaziland,19,1540,1.23%,13.59
Liechtenstein,19,903,2.1%,16.41
Burkina Faso,18,2412,0.75%,35.75
Liberia,18,2398,0.75%,8.09
Tajikistan,16,1472,1.09%,27.04
Turks & Caicos Islands,14,1269,1.1%,44.14
Martinique,14,733,1.91%,34.79
Seychelles,13,3326,0.39%,47.8
Monaco,13,509,2.55%,14.27
Timor-Leste,13,322,4.04%,11.53
Gambia,12,1411,0.85%,16.52
Gabon,11,2582,0.43%,38.57
Mali,11,1168,0.94%,36.91
Guinea,11,677,1.62%,15.85
Grenada,10,3173,0.32%,47.12
Andorra,10,1236,0.81%,25.3
French Polynesia,10,500,2%,15.06
Northern Mariana Islands,10,489,2.04%,8.56
Solomon Islands,9,404,2.23%,9.36
St. Vincent & Grenadines,8,2063,0.39%,49.23
Haiti,8,1747,0.46%,22.37
British Virgin Islands,8,1236,0.65%,44.53
Samoa,8,546,1.47%,11.31
Greenland,8,482,1.66%,13.1
St. Kitts & Nevis,7,2521,0.28%,48.28
Congo - Brazzaville,7,1828,0.38%,36.12
Sint Maarten,7,1382,0.51%,43.78
Vanuatu,7,474,1.48%,9.32
Antigua & Barbuda,6,2246,0.27%,40.15
Guadeloupe,6,892,0.67%,41.2
Åland Islands,6,577,1.04%,7.98
Dominica,5,1292,0.39%,44.56
Burundi,5,601,0.83%,24.46
Svalbard & Jan Mayen,5,303,1.65%,5.89
Caribbean Netherlands,5,274,1.82%,22.78
Eritrea,5,105,4.76%,7.7
New Caledonia,4,505,0.79%,23.56
American Samoa,4,413,0.97%,20.51
Equatorial Guinea,4,176,2.27%,26.61
Kiribati,4,161,2.48%,11.35
Cook Islands,4,148,2.7%,10.77
St. Barthélemy,4,61,6.56%,12.43
Western Sahara,3,581,0.52%,40.49
San Marino,3,375,0.8%,23.51
Falkland Islands (Islas Malvinas),3,54,5.56%,6.7
Anguilla,2,614,0.33%,44.29
Micronesia,2,398,0.5%,11.79
French Guiana,2,374,0.53%,37.57
Tonga,2,292,0.68%,14.12
Antarctica,2,134,1.49%,9.66
U.S. Outlying Islands,2,15,13.33%,11.4
St. Martin,1,190,0.53%,34.87
Central African Republic,1,107,0.93%,9.93
St. Helena,1,94,1.06%,27.79
Nauru,1,53,1.89%,17.85
North Korea,1,43,2.33%,7.58
Chad,0,246,0%,15.3
Palau,0,200,0%,10.4
Marshall Islands,0,162,0%,14.01
Guinea-Bissau,0,157,0%,26.57
Mayotte,0,129,0%,32.67
Montserrat,0,122,0%,38.55
Comoros,0,79,0%,10.05
São Tomé & Príncipe,0,72,0%,38.85
Niue,0,38,0%,59.18
Tuvalu,0,35,0%,14
British Indian Ocean Territory,0,31,0%,7.13
Norfolk Island,0,28,0%,5.96
St. Pierre & Miquelon,0,28,0%,22.43
Wallis & Futuna,0,10,0%,4
Christmas Island,0,7,0%,4.29
Tokelau,0,7,0%,42.57