Top pages,Clicks,Impressions,CTR,Position
https://www.johndcook.com/interpolator.html,605722,4416349,13.72%,15.4
https://www.johndcook.com/blog/2022/05/28/how-to-memorize-the-ascii-table/,36134,4778092,0.76%,4.77
https://www.johndcook.com/blog/2011/11/12/unicode-character-recognition/,16418,169714,9.67%,8.68
https://www.johndcook.com/blog/2022/05/07/day-of-the-week/,6628,222803,2.97%,10.92
https://www.johndcook.com/blog/r_excel_clipboard/,6493,98306,6.6%,13.49
https://www.johndcook.com/wavelength_to_RGB.html,6164,70633,8.73%,12.05
https://www.johndcook.com/how_big_is_a_degree.html,6024,921781,0.65%,8.71
https://www.johndcook.com/blog/2021/05/07/trick-for-2x2-eigenvalues/,5350,128243,4.17%,13.12
https://www.johndcook.com/blog/2020/02/13/runge-kutta-methods/,4700,79354,5.92%,14.98
https://www.johndcook.com/blog/2018/07/21/fraktur-math/,4651,184295,2.52%,12.4
https://www.johndcook.com/blog/2022/05/17/element-abbreviation-patterns/,4411,775376,0.57%,10.65
https://www.johndcook.com/blog/2021/09/09/double-triple-quadruple/,4176,1246466,0.34%,8.72
https://www.johndcook.com/blog/2022/08/16/python-pickle/,3230,120943,2.67%,17.14
https://www.johndcook.com/blog/2018/05/05/svd/,3120,80575,3.87%,20.78
https://www.johndcook.com/blog/,2968,46111,6.44%,27.19
https://www.johndcook.com/blog/2016/02/17/analyzing-an-fm-signal/,2790,57510,4.85%,21.44
https://www.johndcook.com/rational_approximation.html,2721,37674,7.22%,15.18
https://www.johndcook.com/blog/2024/03/20/md5-hash-collision/,2690,62755,4.29%,10.45
https://www.johndcook.com/quadratic_interpolator.html,2608,66823,3.9%,11.07
https://www.johndcook.com/blog/2022/01/12/mm2/,2524,163664,1.54%,12.8
https://www.johndcook.com/blog/2023/09/28/macos-unicode/,2485,77935,3.19%,9.81
https://www.johndcook.com/blog/2009/09/14/latex-multi-part-definitions/,2374,76342,3.11%,17.24
https://www.johndcook.com/blog/2019/05/20/cosmic-rays-flipping-bits/,2352,95193,2.47%,8.45
https://www.johndcook.com/blog/2019/07/14/discriminant-of-a-cubic/,2333,176576,1.32%,21.96
https://www.johndcook.com/blog/2024/09/07/body-roundness-index/,2324,82268,2.82%,11.34
https://www.johndcook.com/blog/2022/11/02/elliptic-arc-length/,2304,56154,4.1%,19.45
https://www.johndcook.com/blog/2019/09/09/how-utf-8-works/,2282,133139,1.71%,23.68
https://www.johndcook.com/blog/spherical_trigonometry/,2246,171959,1.31%,15.27
https://www.johndcook.com/unicode_latex.html,2239,22025,10.17%,12.96
https://www.johndcook.com/blog/norm-dist-bounds/,2101,51387,4.09%,28.34
https://www.johndcook.com/blog/2021/08/16/initial-letter-frequency/,2095,190534,1.1%,14.7
https://www.johndcook.com/blog/2023/07/05/convert-latex-to-microsoft-word/,1981,129325,1.53%,10.99
https://www.johndcook.com/blog/2022/03/14/phone-tones-in-musical-notation/,1951,87159,2.24%,19.04
https://www.johndcook.com/blog/2021/09/11/much-less-than-much-greater-than/,1909,363114,0.53%,26.87
https://www.johndcook.com/blog/2020/02/15/gauss-lobatto-quadrature/,1881,21561,8.72%,12.73
https://www.johndcook.com/blog/2020/03/27/conditional-independence-notation/,1759,138665,1.27%,11.55
https://www.johndcook.com/blog/2023/08/27/intersect-circles/,1711,187627,0.91%,18.23
https://www.johndcook.com/blog/2021/06/21/reversed-cauchy-schwarz-inequality/,1672,20718,8.07%,32.35
https://www.johndcook.com/blog/moments/,1646,110471,1.49%,12.32
https://www.johndcook.com/blog/2020/08/20/english-vowel-sounds/,1566,62646,2.5%,21.75
https://www.johndcook.com/blog/2019/01/24/reversing-an-md5-hash/,1522,97510,1.56%,10
https://www.johndcook.com/blog/2020/11/18/rotating-symbols-in-latex/,1519,49473,3.07%,19.65
https://www.johndcook.com/blog/standard_deviation/,1518,113646,1.34%,32.82
https://www.johndcook.com/blog/2023/07/09/gram-matrix/,1448,96570,1.5%,8.41
https://www.johndcook.com/blog/2022/10/22/mll-std-105/,1446,116917,1.24%,12.81
https://www.johndcook.com/blog/2024/09/01/miles-to-kilometers/,1423,148623,0.96%,46.88
https://www.johndcook.com/blog/2022/12/27/visually-symmetric-words/,1418,32553,4.36%,6.65
https://www.johndcook.com/blog/2018/01/29/underbrace/,1417,69608,2.04%,10.88
https://www.johndcook.com/blog/2018/10/31/biometric-security-error/,1408,61915,2.27%,10.07
https://www.johndcook.com/blog/2013/05/05/ramanujan-circumference-ellipse/,1395,66512,2.1%,11.62
https://www.johndcook.com/blog/2019/06/18/translating-robert-burns/,1386,70692,1.96%,12.03
https://www.johndcook.com/blog/2021/03/31/coulombs-constant/,1368,685158,0.2%,11.46
https://www.johndcook.com/blog/2022/10/22/orbital-anomalies/,1367,90988,1.5%,9.16
https://www.johndcook.com/blog/2023/02/21/sphere-grid-area/,1361,54856,2.48%,21.12
https://www.johndcook.com/blog/2008/11/10/bounds-on-binomial-coefficients/,1308,45694,2.86%,24.1
https://www.johndcook.com/blog/2023/08/12/fibonacci-lattice/,1281,28060,4.57%,5.96
https://www.johndcook.com/maidenhead_locator.html,1277,16061,7.95%,8.5
https://www.johndcook.com/blog/2021/11/03/raabe-convergence-test/,1259,37486,3.36%,7.4
https://www.johndcook.com/blog/2009/12/21/function-plots-inkscape/,1230,14641,8.4%,14.09
https://www.johndcook.com/blog/2012/10/29/product-of-normal-pdfs/,1220,45628,2.67%,13.68
https://www.johndcook.com/blog/2020/11/10/test-for-divisibility-by-13/,1185,207052,0.57%,29.36
https://www.johndcook.com/blog/2009/08/24/algorithms-convert-color-grayscale/,1166,53668,2.17%,18.37
https://www.johndcook.com/blog/2018/11/15/bfloat16/,1132,63833,1.77%,11.63
https://www.johndcook.com/blog/2013/01/30/rational-approximations-to-e/,1126,50753,2.22%,25.28
https://www.johndcook.com/blog/2022/02/25/morse-code-in-musical-notation/,1099,56113,1.96%,20.21
https://www.johndcook.com/blog/2023/09/22/double-struck-capital-letters/,1098,50659,2.17%,10.12
https://www.johndcook.com/blog/gamma_identities/,1079,45833,2.35%,21.21
https://www.johndcook.com/blog/2018/10/29/typesetting-modal-logic/,1069,59654,1.79%,10.77
https://www.johndcook.com/blog/2018/08/21/a-tale-of-two-elliptic-curves/,1036,46842,2.21%,9.24
https://www.johndcook.com/blog/2023/07/07/minmax-line-three-points/,1015,38415,2.64%,25.44
https://www.johndcook.com/blog/2024/01/29/swift/,1010,19736,5.12%,27.33
https://www.johndcook.com/blog/2018/12/07/simulating-zipcode-sex-birthdate/,1005,10462,9.61%,10.02
https://www.johndcook.com/blog/2019/10/14/queueing-regexp/,988,22353,4.42%,13.19
https://www.johndcook.com/blog/2022/03/29/smoothed-step-function/,984,30875,3.19%,19.86
https://www.johndcook.com/blog/2020/10/11/kronecker-sum/,948,24111,3.93%,20.62
https://www.johndcook.com/blog/2025/02/20/bitter-lesson/,944,72723,1.3%,7.6
https://www.johndcook.com/Picards_theorem.pdf,941,26942,3.49%,13.29
https://www.johndcook.com/blog/math-symbols/,936,565557,0.17%,20.42
https://www.johndcook.com/blog/2022/08/14/yyz/,932,88431,1.05%,9.77
https://www.johndcook.com/blog/2020/08/17/adding-phase-shifted-sine-waves/,927,87516,1.06%,26.2
https://www.johndcook.com/blog/2019/05/25/aes-s-box/,922,54133,1.7%,9
https://www.johndcook.com/blog/2023/09/11/nfl-scores/,916,74017,1.24%,24.73
https://www.johndcook.com/blog/greek_letters/,902,154343,0.58%,31.12
https://www.johndcook.com/blog/2022/11/19/how-to-depress-a-cubic/,900,41744,2.16%,8.77
https://www.johndcook.com/blog/2011/09/27/bayesian-amazon/,899,5464,16.45%,35.23
https://www.johndcook.com/blog/2022/11/10/loxodrome/,892,26648,3.35%,8.99
https://www.johndcook.com/blog/2024/06/26/npi-number/,879,81234,1.08%,24.69
https://www.johndcook.com/blog/modes_of_convergence/,878,88308,0.99%,25.97
https://www.johndcook.com/blog/2020/02/19/dormand-prince/,870,23515,3.7%,6.44
https://www.johndcook.com/blog/2021/02/26/saxophone-ranges/,836,128443,0.65%,11.76
https://www.johndcook.com/blog/2018/11/27/oblate-spheroid/,834,65774,1.27%,12.27
https://www.johndcook.com/blog/2018/05/22/best-approximations-for-pi/,833,132158,0.63%,16.7
https://www.johndcook.com/blog/2010/02/15/top-latex-mistakes/,833,62791,1.33%,14.54
https://www.johndcook.com/blog/2008/08/17/three-ways-to-enter-unicode-characters-in-windows/,824,129425,0.64%,11.96
https://www.johndcook.com/blog/2019/05/11/elliptic-curve-p-384/,819,21382,3.83%,8.87
https://www.johndcook.com/blog/2018/05/06/least-squares/,805,61172,1.32%,14.1
https://www.johndcook.com/blog/2022/02/24/find-log-normal-parameters/,766,46464,1.65%,22.76
https://www.johndcook.com/blog/distribution_chart/,766,41823,1.83%,22.14
https://www.johndcook.com/blog/2012/12/23/napiers-mnemonic/,756,40878,1.85%,7.27
https://www.johndcook.com/blog/2022/06/12/difference-differential/,754,32067,2.35%,20.42
https://www.johndcook.com/blog/2020/07/13/leapfrog-integrator/,752,34154,2.2%,7.94
https://www.johndcook.com/blog/2022/03/23/morse-code-numbers/,735,144213,0.51%,10.17
https://www.johndcook.com/blog/2020/08/22/hebrew-latex/,731,9567,7.64%,12.35
https://www.johndcook.com/blog/2016/07/19/integral-equation-types/,725,105858,0.68%,6.87
https://www.johndcook.com/blog/2010/08/16/how-to-compute-log-factorial/,712,48709,1.46%,31.81
https://www.johndcook.com/blog/2023/10/29/country-and-language-abbreviations/,709,457688,0.15%,8.02
https://www.johndcook.com/blog/2021/03/17/fourier-uncertainty-principle/,708,21736,3.26%,8.67
https://www.johndcook.com/blog/2021/08/18/chessboard-in-excel/,707,14390,4.91%,12.17
https://www.johndcook.com/blog/2019/03/05/base85-encoding/,705,32336,2.18%,9.6
https://www.johndcook.com/blog/2016/02/01/discrete-laplace-transform/,704,12680,5.55%,24.21
https://www.johndcook.com/blog/2023/01/13/third-order-odes/,675,24175,2.79%,9.17
https://www.johndcook.com/CompendiumOfConjugatePriors.pdf,671,37381,1.8%,20.13
https://www.johndcook.com/blog/select_with_replacement/,664,65084,1.02%,25.22
https://www.johndcook.com/blog/2023/12/11/ascii-armor/,654,31665,2.07%,7.91
https://www.johndcook.com/blog/2020/09/12/symplectic-euler/,654,12180,5.37%,16.06
https://www.johndcook.com/blog/2024/12/15/llm-and-regex/,648,12007,5.4%,14.67
https://www.johndcook.com/blog/accented_letters_page/,629,107968,0.58%,30.88
https://www.johndcook.com/blog/2022/11/01/kepler-newton/,625,20719,3.02%,11.57
https://www.johndcook.com/unicode_entity.html,623,14845,4.2%,17.81
https://www.johndcook.com/blog/2025/05/09/english-monarchs/,613,17612,3.48%,8.81
https://www.johndcook.com/blog/conjugate_prior_diagram/,608,45934,1.32%,16
https://www.johndcook.com/blog/2020/01/19/cobweb-plots/,605,36148,1.67%,5.69
https://www.johndcook.com/blog/2021/01/18/gell-mann-amnesia/,603,102544,0.59%,9.92
https://www.johndcook.com/blog/2008/02/28/what-to-make-u-in-integration-by-parts/,600,98454,0.61%,18.83
https://www.johndcook.com/blog/2021/03/20/fourier-series-fft/,598,31595,1.89%,40.8
https://www.johndcook.com/blog/2022/10/14/eccentricity-flatness-aspect/,597,42079,1.42%,20
https://www.johndcook.com/blog/2021/04/09/period-three-implies-chaos/,593,18046,3.29%,9.51
https://www.johndcook.com/blog/2011/05/03/jupiters-magic-square/,587,18354,3.2%,9.32
https://www.johndcook.com/blog/2012/02/15/dot-cross-and-quaternion-products/,586,17519,3.34%,25.65
https://www.johndcook.com/blog/2019/07/16/number-of-feet-in-a-mile/,585,670920,0.09%,13.05
https://www.johndcook.com/blog/2020/12/16/pythagorean-dates/,582,38083,1.53%,8.15
https://www.johndcook.com/blog/2021/03/24/surface-area-ellipsoid/,579,35033,1.65%,19.23
https://www.johndcook.com/blog/2018/09/08/projective-special-linear/,572,60334,0.95%,14.85
https://www.johndcook.com/blog/2016/09/27/one-of-my-favorite-proofs-lagrange-multipliers/,571,17180,3.32%,28.59
https://www.johndcook.com/blog/2025/03/10/colossus-versus-el-capitan/,568,42775,1.33%,7.43
https://www.johndcook.com/emoji.html,566,35472,1.6%,22.17
https://www.johndcook.com/phon_sone.html,564,87624,0.64%,17.25
https://www.johndcook.com/blog/2012/02/06/if-i-were-a-rich-man/,556,46132,1.21%,9.03
https://www.johndcook.com/blog/2021/06/13/gauss-multiplication/,555,16457,3.37%,27.8
https://www.johndcook.com/blog/2019/10/07/curvature-of-an-ellipsoid/,555,5838,9.51%,21.16
https://www.johndcook.com/blog/2019/10/18/golay-code/,553,18752,2.95%,8.23
https://www.johndcook.com/binary_sample_size.html,538,6151,8.75%,15.21
https://www.johndcook.com/TwelvefoldWay.pdf,533,10650,5%,9.13
https://www.johndcook.com/blog/2013/01/10/rifle-shaped-wine-bottle/,532,18612,2.86%,23.78
https://www.johndcook.com/blog/2021/06/19/quaternion-matrix-product/,530,4679,11.33%,16.4
https://www.johndcook.com/blog/2010/03/30/statistical-rule-of-three/,528,29109,1.81%,20.78
https://www.johndcook.com/blog/2022/12/04/complex-triangle/,528,24967,2.11%,19.64
https://www.johndcook.com/inverse_gamma.pdf,525,39737,1.32%,15.37
https://www.johndcook.com/blog/2023/06/18/circle-through-three-points/,518,53159,0.97%,22.01
https://www.johndcook.com/blog/2014/12/17/thou-thee-ye-you/,510,98002,0.52%,17.56
https://www.johndcook.com/blog/2010/02/05/carnival-of-mathematics-62/,506,81824,0.62%,3.13
https://www.johndcook.com/blog/2017/08/16/manipulating-a-random-number-generator/,505,12907,3.91%,18.03
https://www.johndcook.com/blog/2019/11/19/crinkle-crankle-calculus/,504,30507,1.65%,8.81
https://www.johndcook.com/frequency_pitch.html,498,67047,0.74%,21.36
https://www.johndcook.com/blog/2019/03/06/rsa-exponent-3/,493,8654,5.7%,13.26
https://www.johndcook.com/cmu_nouns.txt,484,414512,0.12%,26.28
https://www.johndcook.com/blog/2016/01/29/random-number-generator-seed-mistakes/,484,100138,0.48%,30.21
https://www.johndcook.com/blog/2012/11/08/english-to-spanish-rules-of-thumb/,483,14158,3.41%,24.71
https://www.johndcook.com/blog/2018/04/11/anatomy-of-a-posit-number/,482,41718,1.16%,17.17
https://www.johndcook.com/blog/logic-symbols/,481,93299,0.52%,14.13
https://www.johndcook.com/triangle_interpolator.html,476,18394,2.59%,21.07
https://www.johndcook.com/blog/2022/03/09/normal-order-statistics/,474,15089,3.14%,21.61
https://www.johndcook.com/blog/2016/12/31/sums-of-consecutive-powers/,473,45059,1.05%,31.81
https://www.johndcook.com/blog/2017/06/27/effective-sample-size-for-mcmc/,472,11425,4.13%,11.17
https://www.johndcook.com/blog/2018/03/24/squared-digit-sum/,470,76617,0.61%,30.02
https://www.johndcook.com/blog/2021/04/22/moby-diff/,470,28660,1.64%,21.09
https://www.johndcook.com/blog/2021/03/29/calculating-dogleg-severity/,469,17529,2.68%,8.75
https://www.johndcook.com/blog/2010/12/27/dumb-and-gets-things-done/,467,20919,2.23%,19.92
https://www.johndcook.com/blog/miscellaneous-symbols/,465,25162,1.85%,14.9
https://www.johndcook.com/blog/2018/02/13/squircle-curvature/,464,36894,1.26%,8.98
https://www.johndcook.com/blog/quadratic_congruences/,463,61208,0.76%,25.9
https://www.johndcook.com/blog/2017/12/05/mgf/,462,20481,2.26%,46.41
https://www.johndcook.com/blog/2016/03/06/correlating-two-sine-waves/,462,8743,5.28%,13.39
https://www.johndcook.com/blog/bessel_functions/,460,18456,2.49%,24.8
https://www.johndcook.com/blog/2025/05/07/quaternions-and-rotation-matrices/,458,31662,1.45%,20.61
https://www.johndcook.com/blog/2010/09/21/variations-on-factorial/,456,64356,0.71%,20.58
https://www.johndcook.com/blog/2012/06/13/matrix-condition-number/,447,55639,0.8%,29.04
https://www.johndcook.com/blog/2021/07/19/how-to-format-text-in-twitter/,446,37875,1.18%,18.71
https://www.johndcook.com/blog/2023/08/05/rsa-private-key/,444,21393,2.08%,16.95
https://www.johndcook.com/blog/2016/01/25/mcmc-burn-in/,444,11061,4.01%,8.69
https://www.johndcook.com/blog/2018/09/16/permutation-tensor/,441,53162,0.83%,15.8
https://www.johndcook.com/blog/2018/04/18/equation-to-fit-an-egg/,436,15254,2.86%,10.59
https://www.johndcook.com/blog/2021/05/10/cyclic-permutations-and-trace/,433,39982,1.08%,22.77
https://www.johndcook.com/blog/2020/03/07/mds-codes/,433,19025,2.28%,10.49
https://www.johndcook.com/blog/2020/10/04/why-a-little-knowledge-is-a-dangerous-thing/,426,108314,0.39%,9.04
https://www.johndcook.com/blog/bessel_python/,426,22526,1.89%,9.26
https://www.johndcook.com/blog/2018/06/12/mathematics-of-deep-note/,425,51160,0.83%,10.91
https://www.johndcook.com/blog/top/,425,17357,2.45%,11.35
https://www.johndcook.com/blog/2019/01/17/big-o-tilde-notation/,419,39855,1.05%,20.82
https://www.johndcook.com/blog/2021/11/12/finite-vector-spaces/,418,58910,0.71%,21.33
https://www.johndcook.com/blog/2012/02/12/why-magnetic-field-b/,416,69848,0.6%,11.46
https://www.johndcook.com/blog/2012/09/25/ramanujans-factorial-approximation/,413,20743,1.99%,19.4
https://www.johndcook.com/blog/2022/10/11/unicode-math/,412,13794,2.99%,17.4
https://www.johndcook.com/blog/powershell_perl_regex/,410,59518,0.69%,19.5
https://www.johndcook.com/blog/2009/12/22/historical-british-currency/,410,50712,0.81%,35.04
https://www.johndcook.com/blog/2018/12/12/rsa-exponent/,408,52540,0.78%,13.95
https://www.johndcook.com/blog/2018/12/28/base-32-and-base-64-encoding/,403,28393,1.42%,15.95
https://www.johndcook.com/blog/2011/10/18/typesetting-c-in-latex/,403,7257,5.55%,7.26
https://www.johndcook.com/blog/pullbacks/,402,34675,1.16%,22.53
https://www.johndcook.com/blog/2018/04/10/up-arrow-and-down-arrow-notation/,400,116685,0.34%,12.89
https://www.johndcook.com/blog/2022/11/28/conformal-square-disk/,400,28036,1.43%,13.17
https://www.johndcook.com/blog/2010/06/14/generating-poisson-random-values/,400,7580,5.28%,19.43
https://www.johndcook.com/blog/2012/02/01/jinc-function/,397,21482,1.85%,12.58
https://www.johndcook.com/blog/2024/01/11/replacement-character/,396,172922,0.23%,7.18
https://www.johndcook.com/blog/2016/01/31/joukowsky-transformation/,396,12814,3.09%,12.39
https://www.johndcook.com/blog/2013/04/23/why-j-for-imaginary-unit/,395,178419,0.22%,7.57
https://www.johndcook.com/blog/2025/03/09/unicode-surrogates/,395,15374,2.57%,8.68
https://www.johndcook.com/blog/2021/06/18/inner-product-from-norm/,394,49996,0.79%,33.4
https://www.johndcook.com/t_normal_mixture.pdf,394,6959,5.66%,15.72
https://www.johndcook.com/blog/2024/08/20/osborn-rule/,391,26930,1.45%,17.97
https://www.johndcook.com/blog/2009/05/11/fibonacci-geometric-series/,390,25517,1.53%,21.79
https://www.johndcook.com/blog/2008/11/25/distribution-of-adult-heights/,387,47062,0.82%,6.56
https://www.johndcook.com/blog/2020/02/21/popcount/,387,36108,1.07%,9.08
https://www.johndcook.com/blog/2014/11/12/cyclic-fractions/,381,57517,0.66%,10.85
https://www.johndcook.com/blog/2020/06/29/parabola-catenary/,380,30661,1.24%,11.68
https://www.johndcook.com/blog/2021/04/01/efficient-kepler-equation/,374,16687,2.24%,10.39
https://www.johndcook.com/blog/2020/02/27/numerical-heron/,369,29562,1.25%,23.35
https://www.johndcook.com/blog/2008/07/20/why-heights-are-normally-distributed/,363,26852,1.35%,8.14
https://www.johndcook.com/blog/2021/06/23/hebrew-letters-in-math/,363,21008,1.73%,16.42
https://www.johndcook.com/radix_conversion.html,363,12211,2.97%,20.31
https://www.johndcook.com/multi_index.pdf,363,11187,3.24%,16.84
https://www.johndcook.com/blog/2019/05/05/regex_icd_codes/,361,11086,3.26%,27.95
https://www.johndcook.com/blog/2024/03/27/antenna-length-another-rule-of-72/,360,26738,1.35%,7.88
https://www.johndcook.com/blog/2022/08/23/pythagoras-on-a-sphere/,360,17583,2.05%,37.55
https://www.johndcook.com/blog/2021/11/05/normal-tail-estimate/,360,7915,4.55%,26.48
https://www.johndcook.com/blog/2022/12/26/chebyshev-series-for-sine/,359,3954,9.08%,20.51
https://www.johndcook.com/blog/2019/12/22/van-der-pol/,358,19349,1.85%,11.99
https://www.johndcook.com/blog/2023/01/21/airfoils/,357,22045,1.62%,8.07
https://www.johndcook.com/blog/2017/07/08/the-chaos-game-and-the-sierpinski-triangle/,355,38095,0.93%,13.09
https://www.johndcook.com/hertz_bark.html,354,9836,3.6%,19.08
https://www.johndcook.com/blog/fourier-theorems/,351,143068,0.25%,8.55
https://www.johndcook.com/blog/2025/05/09/frequency-of-papal-names/,351,37619,0.93%,7.51
https://www.johndcook.com/blog/2009/01/09/log-concave-functions/,351,36895,0.95%,17.87
https://www.johndcook.com/blog/2022/11/09/elliptic-coordinates/,348,12439,2.8%,19.39
https://www.johndcook.com/blog/2022/11/02/keplers-equation-python/,347,4026,8.62%,14.36
https://www.johndcook.com/blog/2021/03/24/perimeter-of-an-ellipse/,346,27571,1.25%,15.48
https://www.johndcook.com/blog/2022/12/03/div-grad-curl/,344,21547,1.6%,28.8
https://www.johndcook.com/blog/2021/04/07/beta-given-mean-variance/,343,28201,1.22%,24.92
https://www.johndcook.com/blog/2024/02/25/quadrilateral-area-determinant/,341,18532,1.84%,31.99
https://www.johndcook.com/blog/2018/12/29/flattest-us-states/,338,156461,0.22%,7.84
https://www.johndcook.com/blog/2021/06/05/time-dilation-in-sf-and-gps/,338,57105,0.59%,21.59
https://www.johndcook.com/blog/2023/11/06/earth-movers-distance/,338,31900,1.06%,10.01
https://www.johndcook.com/blog/2014/03/30/amazing-approximation-to-e/,338,9581,3.53%,13.5
https://www.johndcook.com/blog/2014/07/03/pi-and-the-raven/,338,8762,3.86%,41.36
https://www.johndcook.com/blog/2021/04/12/spaceship-operator/,334,3017,11.07%,12.36
https://www.johndcook.com/blog/2012/04/03/a-b-c/,330,21601,1.53%,11.66
https://www.johndcook.com/blog/2019/12/07/grep-negative-numbers/,323,21386,1.51%,10.47
https://www.johndcook.com/blog/2018/07/30/goe-eigenvalues/,323,13981,2.31%,17.65
https://www.johndcook.com/blog/2018/09/23/eulers-theorem/,321,28138,1.14%,29.4
https://www.johndcook.com/blog/2022/10/08/subharmonic/,320,13843,2.31%,14.76
https://www.johndcook.com/blog/2018/11/24/spheroid-distance/,320,12354,2.59%,15.19
https://www.johndcook.com/blog/2019/02/05/normal-approximation-to-laplace-distribution/,319,35430,0.9%,12.31
https://www.johndcook.com/blog/2010/06/17/covariance-and-law-of-cosines/,319,17523,1.82%,39.46
https://www.johndcook.com/blog/2023/05/12/circulant-matrices/,319,14785,2.16%,16.06
https://www.johndcook.com/blog/2019/06/03/liminal-and-subliminal/,318,51376,0.62%,20.57
https://www.johndcook.com/blog/2023/08/09/hypersphere-cap/,316,45994,0.69%,21.86
https://www.johndcook.com/blog/2025/09/10/new-symbols-in-unicode-17/,316,26494,1.19%,9.81
https://www.johndcook.com/blog/2010/02/09/malaria-on-the-prairie/,316,12772,2.47%,7.66
https://www.johndcook.com/blog/2021/07/26/major-memory-keypad/,315,210623,0.15%,6.2
https://www.johndcook.com/blog/2023/12/15/pgp-fingerprint/,315,22612,1.39%,10.16
https://www.johndcook.com/blog/2017/11/18/runge-phenomena/,311,38654,0.8%,8.11
https://www.johndcook.com/blog/2021/12/12/yule-statistics-y-and-q/,311,14813,2.1%,7.57
https://www.johndcook.com/blog/2018/03/14/approximating-gamma-ratios/,311,7693,4.04%,18.68
https://www.johndcook.com/blog/2021/07/13/random-fourier-series/,308,2456,12.54%,9.84
https://www.johndcook.com/blog/2009/10/02/circle-of-fifths-number-theory/,305,13365,2.28%,43.23
https://www.johndcook.com/blog/2021/03/22/mentally-calculating-logs/,303,39497,0.77%,30.39
https://www.johndcook.com/blog/2018/04/03/planets-and-platonic-solids/,303,24804,1.22%,10.97
https://www.johndcook.com/blog/2022/10/26/lamberts-theorem/,303,9198,3.29%,8.09
https://www.johndcook.com/blog/2022/12/15/sphere-of-infuence/,302,42425,0.71%,17.31
https://www.johndcook.com/blog/2022/04/13/hilbert-fourier/,302,25050,1.21%,11.37
https://www.johndcook.com/blog/2024/11/12/sin-cos-phase/,301,22979,1.31%,18.46
https://www.johndcook.com/blog/2023/06/12/stressing-numerical-integration/,301,8114,3.71%,27.62
https://www.johndcook.com/blog/2022/09/01/square-root-mnemonics/,299,5755,5.2%,19.37
https://www.johndcook.com/blog/emacs_windows/,298,34565,0.86%,16.07
https://www.johndcook.com/negative_binomial.pdf,298,20461,1.46%,39.76
https://www.johndcook.com/blog/2019/10/21/box-drawing-unicode/,292,44709,0.65%,10.71
https://www.johndcook.com/blog/2019/05/05/area-volume-menger-sponge/,292,20905,1.4%,9.96
https://www.johndcook.com/blog/2019/11/13/permutation-distance/,292,15685,1.86%,24.68
https://www.johndcook.com/blog/2019/02/12/computing-jacobi-symbols/,292,12899,2.26%,17.54
https://www.johndcook.com/blog/2019/07/04/homomorphic-encryption/,291,6534,4.45%,25.79
https://www.johndcook.com/blog/2019/09/12/vin-check-sum/,290,33013,0.88%,24.57
https://www.johndcook.com/blog/database-of-musical-scales/,290,20905,1.39%,12.06
https://www.johndcook.com/blog/2020/02/08/arenstorf-orbit/,289,2845,10.16%,18.93
https://www.johndcook.com/blog/2020/05/13/integrate-sqrt-sin/,287,41867,0.69%,23.6
https://www.johndcook.com/blog/normal_approx_to_binomial/,286,37773,0.76%,32.04
https://www.johndcook.com/blog/2020/02/24/hamming-codes/,285,44005,0.65%,22.47
https://www.johndcook.com/erf_and_normal_cdf.pdf,285,18427,1.55%,21.47
https://www.johndcook.com/blog/2019/10/18/chinese-character-entropy/,284,22356,1.27%,11.49
https://www.johndcook.com/blog/finite-fields/,283,46492,0.61%,32.42
https://www.johndcook.com/blog/2017/06/20/leading-digits-of-powers-of-2/,280,33102,0.85%,17.63
https://www.johndcook.com/blog/2020/03/24/pecunia-non-olet/,279,62735,0.44%,10.6
https://www.johndcook.com/blog/2019/08/27/heaps-law/,279,15557,1.79%,6.9
https://www.johndcook.com/blog/2022/01/12/swansons-rule/,279,5446,5.12%,12.65
https://www.johndcook.com/blog/2020/02/19/fehlberg/,278,14717,1.89%,11.48
https://www.johndcook.com/blog/2018/11/21/renyi-entropy/,275,21259,1.29%,10.03
https://www.johndcook.com/blog/2023/07/15/boolean-with-ai/,275,10764,2.55%,40.05
https://www.johndcook.com/blog/2024/03/09/catenary-sag-approx/,274,14130,1.94%,12.78
https://www.johndcook.com/blog/2021/03/28/mobius-coefficients/,273,9170,2.98%,15.56
https://www.johndcook.com/blog/2025/03/07/tokens-and-words/,272,27916,0.97%,8.3
https://www.johndcook.com/blog/2021/09/02/spreading-out-points-on-a-sphere/,271,26521,1.02%,15.29
https://www.johndcook.com/blog/2021/08/19/vigenere/,269,28990,0.93%,25.62
https://www.johndcook.com/blog/2010/12/08/typesetting-chemistry-in-latex/,269,15589,1.73%,16.42
https://www.johndcook.com/blog/2021/05/24/latex-and-lawyers/,269,3824,7.03%,8.28
https://www.johndcook.com/blog/2022/04/27/projective-intersect/,267,29931,0.89%,54.29
https://www.johndcook.com/blog/magic_knight/,267,12703,2.1%,15.44
https://www.johndcook.com/blog/2021/07/01/oscillatory-solutions/,266,8178,3.25%,15.72
https://www.johndcook.com/blog/2021/10/31/unicode-superscripts/,265,33116,0.8%,17.09
https://www.johndcook.com/blog/2023/07/02/beta-bounds/,265,7328,3.62%,24.66
https://www.johndcook.com/blog/initial-final-objects/,264,48313,0.55%,15.68
https://www.johndcook.com/blog/2021/11/29/area-of-spherical-triangle/,264,18402,1.43%,27.6
https://www.johndcook.com/blog/2018/07/13/fibonacci-meets-pythagoras/,263,21331,1.23%,8.98
https://www.johndcook.com/blog/2023/10/04/lemniscate-functions/,262,63116,0.42%,8.97
https://www.johndcook.com/blog/2023/09/03/eigenvectors-of-dft/,262,3242,8.08%,21.6
https://www.johndcook.com/blog/2022/04/05/cubic/,260,25419,1.02%,40.3
https://www.johndcook.com/blog/2010/07/13/lincoln-index/,260,17084,1.52%,14.89
https://www.johndcook.com/blog/2015/08/12/debugging-financial-spreadsheet/,259,8363,3.1%,43.05
https://www.johndcook.com/blog/2024/02/23/masked-names/,259,2166,11.96%,9.24
https://www.johndcook.com/blog/2023/11/08/zcdp/,258,8070,3.2%,5.92
https://www.johndcook.com/blog/2020/07/26/cesaro-summation/,257,24845,1.03%,12.3
https://www.johndcook.com/blog/2019/04/14/randu/,257,13223,1.94%,16.61
https://www.johndcook.com/blog/2023/07/04/halleys-method/,256,13968,1.83%,8.22
https://www.johndcook.com/blog/2012/11/06/general-formula-for-normal-moments/,256,12276,2.09%,25.94
https://www.johndcook.com/blog/2020/04/20/truncated-cauchy-distribution/,256,4332,5.91%,31.24
https://www.johndcook.com/blog/2021/09/04/morse-code-palindromes/,255,19901,1.28%,23.49
https://www.johndcook.com/blog/2023/06/03/matrix-powers/,255,13131,1.94%,32.88
https://www.johndcook.com/blog/2022/11/27/conformal-map-ellipse/,253,10932,2.31%,9.34
https://www.johndcook.com/blog/2024/01/01/groups-of-order-2024/,253,6382,3.96%,35.55
https://www.johndcook.com/blog/2016/05/18/cepstrum-quefrency-and-pitch/,252,19700,1.28%,12.2
https://www.johndcook.com/blog/2021/03/21/simple-trig-approx/,251,32949,0.76%,36.27
https://www.johndcook.com/blog/2024/02/24/log-approximation/,251,17250,1.46%,23.75
https://www.johndcook.com/blog/2022/03/13/fsk-spectrum/,251,8640,2.91%,27.46
https://www.johndcook.com/blog/2022/09/06/inverse-cosine-near-1/,250,21190,1.18%,23.77
https://www.johndcook.com/blog/2019/06/20/bounds-on-the-nth-prime/,249,9105,2.73%,16.9
https://www.johndcook.com/blog/csharp_phi/,249,3674,6.78%,10.89
https://www.johndcook.com/blog/2018/08/06/hom-functors/,248,42428,0.58%,25.18
https://www.johndcook.com/blog/2016/01/07/connectivity-graph-laplacian/,248,38268,0.65%,15.2
https://www.johndcook.com/blog/2010/01/19/dont-invert-that-matrix/,248,11106,2.23%,41.4
https://www.johndcook.com/blog/2021/11/06/gamma-tail-estimate/,248,4670,5.31%,28.65
https://www.johndcook.com/blog/2018/04/30/tridiagonal-systems/,247,10790,2.29%,19.98
https://www.johndcook.com/blog/2022/12/14/poisson-bounds/,246,8331,2.95%,12.43
https://www.johndcook.com/blog/2022/10/20/directrix-of-a-conic/,245,70518,0.35%,23.94
https://www.johndcook.com/blog/2008/03/14/what-is-the-cosine-of-a-matrix/,245,8540,2.87%,18.64
https://www.johndcook.com/blog/2023/07/17/searching-for-proper-nouns/,245,7443,3.29%,15.41
https://www.johndcook.com/blog/2023/06/29/multiplication-via-parabola/,244,6431,3.79%,12.87
https://www.johndcook.com/blog/2019/09/02/number-of-possible-unicode-characters/,243,81909,0.3%,10.56
https://www.johndcook.com/blog/2023/03/16/two-letter-abbreviations/,243,35406,0.69%,18.4
https://www.johndcook.com/blog/2025/01/01/abelian-groups-of-order-2025/,243,7811,3.11%,22.35
https://www.johndcook.com/blog/2019/10/29/computing-pi-with-bc/,241,11958,2.02%,35.95
https://www.johndcook.com/blog/2022/06/26/mobius-transformation-circles/,240,21096,1.14%,19.3
https://www.johndcook.com/blog/2008/10/20/nearly-everyone-is-above-average/,238,31546,0.75%,7.78
https://www.johndcook.com/blog/gamma_python/,238,22117,1.08%,14.16
https://www.johndcook.com/blog/2017/10/04/no-critical-point-between-two-peaks/,237,23405,1.01%,22.22
https://www.johndcook.com/blog/2020/06/01/sinc-approximation/,237,4279,5.54%,20.04
https://www.johndcook.com/blog/2020/04/21/truncated-vs-clipped/,236,17667,1.34%,20.14
https://www.johndcook.com/blog/cpp_phi_inverse/,235,6465,3.63%,26.12
https://www.johndcook.com/blog/2023/11/26/numerical-integral-with-a-singularity/,234,10247,2.28%,27.82
https://www.johndcook.com/blog/2023/03/20/solid-angle-of-a-star/,233,35043,0.66%,29.94
https://www.johndcook.com/blog/2019/03/14/irreducible-polynomials/,233,32299,0.72%,22.32
https://www.johndcook.com/blog/2019/04/04/higher-dimensional-squircles/,232,5609,4.14%,9.7
https://www.johndcook.com/blog/2019/03/11/elliptic-curves-gf2-gf3/,231,13007,1.78%,25.86
https://www.johndcook.com/blog/bias_consistency/,230,26927,0.85%,20.18
https://www.johndcook.com/blog/2017/03/16/duals-and-double-duals-of-banach-spaces/,230,26604,0.86%,30.09
https://www.johndcook.com/blog/cpp_erf/,230,7582,3.03%,16.5
https://www.johndcook.com/blog/2022/10/20/latus-rectum/,229,97164,0.24%,9.81
https://www.johndcook.com/blog/2021/08/28/computing-zeta-3/,229,24125,0.95%,12.74
https://www.johndcook.com/blog/2021/12/28/lagrange-points-l1-and-l2/,229,18874,1.21%,27.03
https://www.johndcook.com/blog/2011/10/25/erdos-proof/,229,7265,3.15%,27.82
https://www.johndcook.com/blog/2019/04/21/what-is-an-isogeny/,228,21604,1.06%,13.86
https://www.johndcook.com/lat_long_distance.html,227,36057,0.63%,26.41
https://www.johndcook.com/blog/2018/06/07/stirling-numbers/,227,32763,0.69%,16.98
https://www.johndcook.com/blog/2010/07/02/volumes-of-generalized-unit-balls/,226,16902,1.34%,28.76
https://www.johndcook.com/blog/2018/05/16/f-bartlett-levene/,225,20269,1.11%,38.19
https://www.johndcook.com/blog/2019/11/18/arctan-k-tanx/,224,23927,0.94%,26.5
https://www.johndcook.com/blog/2022/08/28/non-euclidean-circles/,224,19478,1.15%,26.86
https://www.johndcook.com/blog/2020/04/13/kronecker-product-hadamard-matrix/,224,11266,1.99%,26.38
https://www.johndcook.com/blog/2011/09/17/latitude-doesnt-exactly-mean-what-i-thought/,223,30302,0.74%,8.1
https://www.johndcook.com/blog/2020/08/04/continued-fraction-sqrt/,220,34692,0.63%,23.95
https://www.johndcook.com/blog/normal_approx_to_poisson/,219,24342,0.9%,22.22
https://www.johndcook.com/blog/normal_approx_to_beta/,219,11851,1.85%,14
https://www.johndcook.com/blog/2022/07/19/keyhole-contour-integrals/,218,16556,1.32%,29.67
https://www.johndcook.com/blog/2011/06/21/how-to-fit-an-elephant/,217,13169,1.65%,7.91
https://www.johndcook.com/blog/2019/02/15/elliptic-curve-names/,216,7617,2.84%,25.44
https://www.johndcook.com/blog/2018/08/25/epi-and-mono/,215,35357,0.61%,26.59
https://www.johndcook.com/blog/2021/11/14/solving-equations-with-lambert-w/,215,22318,0.96%,11.36
https://www.johndcook.com/blog/2024/07/06/retrograde/,215,20618,1.04%,21.46
https://www.johndcook.com/blog/2022/06/23/bump-functions/,215,17046,1.26%,10.96
https://www.johndcook.com/blog/2010/10/20/best-rational-approximation/,214,15932,1.34%,21.13
https://www.johndcook.com/blog/2023/09/06/checksum-polynomials/,214,6636,3.22%,22.07
https://www.johndcook.com/cubic_solver.html,213,39387,0.54%,16.94
https://www.johndcook.com/blog/2021/03/14/illustrating-gershgorn-disks-with-numpy/,213,8042,2.65%,14.45
https://www.johndcook.com/Differentiation_in_Banach_spaces.pdf,212,7533,2.81%,33.33
https://www.johndcook.com/blog/2015/12/22/the-dirac-comb-or-sha-function/,211,25025,0.84%,9.98
https://www.johndcook.com/blog/2018/11/21/renyi-differential-privacy/,211,10384,2.03%,7.75
https://www.johndcook.com/blog/2023/01/22/heat-equation-gaussian/,211,4496,4.69%,25.56
https://www.johndcook.com/blog/2019/12/10/fundamental-frequency/,210,31631,0.66%,18.15
https://www.johndcook.com/blog/2008/07/20/why-heights-are-not-normally-distributed/,210,15741,1.33%,14.58
https://www.johndcook.com/blog/2018/01/02/the-engineers-nyquist-frequency-and-the-sampling-theorem/,209,108512,0.19%,18.81
https://www.johndcook.com/blog/2020/06/30/double-words/,209,24641,0.85%,9.78
https://www.johndcook.com/blog/2021/06/16/faster-quaternion-rotations/,209,9955,2.1%,41.82
https://www.johndcook.com/blog/2010/10/13/googol/,208,70083,0.3%,22.71
https://www.johndcook.com/blog/2024/01/11/a-caret-euro-trademark/,208,43711,0.48%,13.84
https://www.johndcook.com/blog/2020/01/26/lorenz-system/,208,30794,0.68%,10.11
https://www.johndcook.com/blog/2019/07/30/ddh/,208,14206,1.46%,8.21
https://www.johndcook.com/blog/2024/01/17/bernoulli-ode/,208,9369,2.22%,30.65
https://www.johndcook.com/blog/2022/10/21/math-origins/,208,5397,3.85%,35
https://www.johndcook.com/blog/2016/06/15/ascii-art-diagrams-in-emacs-org-mode/,207,5136,4.03%,11.39
https://www.johndcook.com/blog/2022/10/02/flags-unicode/,206,38962,0.53%,10.53
https://www.johndcook.com/blog/2023/09/26/normal-and-non-normal-subgroups/,206,35613,0.58%,30.34
https://www.johndcook.com/blog/2010/05/18/normal-approximation-to-logistic/,206,21115,0.98%,22.67
https://www.johndcook.com/blog/2022/06/01/zip-code-distance/,205,94028,0.22%,8.87
https://www.johndcook.com/blog/2023/11/05/kl-divergence-normal/,205,13539,1.51%,19.19
https://www.johndcook.com/blog/2009/09/25/how-many-trig-functions/,204,64925,0.31%,45.3
https://www.johndcook.com/blog/2018/09/06/accuracy-precision-and-recall/,204,42746,0.48%,29.45
https://www.johndcook.com/blog/2022/09/08/trig-hyperbolic-geometry/,204,10199,2%,22.43
https://www.johndcook.com/blog/2023/03/13/shuffle-product/,204,5451,3.74%,17.94
https://www.johndcook.com/blog/2021/06/02/perfect-fifths-octaves/,202,43877,0.46%,10.61
https://www.johndcook.com/blog/2020/11/18/smallest-n-with-h-divisors/,202,42731,0.47%,23.75
https://www.johndcook.com/blog/2018/09/03/counting-prime-powers/,202,23387,0.86%,32.59
https://www.johndcook.com/blog/2018/03/30/curvature-and-automatic-differentiation/,202,8413,2.4%,30.92
https://www.johndcook.com/blog/2021/11/01/number-sets-html/,201,15729,1.28%,20.37
https://www.johndcook.com/blog/2021/01/06/quaternion-square-roots/,201,6570,3.06%,26.09
https://www.johndcook.com/blog/2022/05/21/decoding-a-grid-square/,201,4513,4.45%,15.52
https://www.johndcook.com/blog/2010/10/31/hexadecimal/,200,41101,0.49%,83.31
https://www.johndcook.com/blog/2017/11/08/why-is-kullback-leibler-divergence-not-a-distance/,200,21646,0.92%,22.05
https://www.johndcook.com/blog/2020/02/18/trapezoid-romberg/,199,14605,1.36%,29.01
https://www.johndcook.com/blog/2013/09/01/relating-airy-and-bessel-functions/,197,7512,2.62%,19.28
https://www.johndcook.com/blog/2015/08/18/beam-deflection/,197,5153,3.82%,22.24
https://www.johndcook.com/blog/2024/12/05/the-vis-viva-equation/,196,53208,0.37%,8.33
https://www.johndcook.com/blog/math_symbols/,196,44015,0.45%,23.69
https://www.johndcook.com/blog/2013/01/23/mathematical-card-trick/,195,11764,1.66%,31.33
https://www.johndcook.com/blog/2023/07/02/beta-cdf-bounds/,195,7151,2.73%,16.14
https://www.johndcook.com/blog/2008/10/27/odd-wine-bottle/,195,5828,3.35%,18.83
https://www.johndcook.com/blog/2020/09/23/circles-to-circles/,195,3800,5.13%,32.78
https://www.johndcook.com/blog/2021/12/06/partial-functions/,194,25135,0.77%,14.35
https://www.johndcook.com/blog/2021/11/26/great-circle-equation/,194,12140,1.6%,43.2
https://www.johndcook.com/blog/2020/03/15/product-of-chebyshev-polynomials/,194,7980,2.43%,16.24
https://www.johndcook.com/blog/2008/10/21/what-happens-when-you-add-a-new-teller/,194,6658,2.91%,21.64
https://www.johndcook.com/blog/2009/06/23/tukey-median-ninther/,194,4550,4.26%,23.42
https://www.johndcook.com/blog/2011/06/10/stirling-approximation/,193,150582,0.13%,7.28
https://www.johndcook.com/blog/2022/10/13/pluto-charon/,193,41865,0.46%,14.68
https://www.johndcook.com/blog/2021/11/15/lambert-w-branch-number/,193,17042,1.13%,25.03
https://www.johndcook.com/blog/2019/10/04/fixed-points/,193,10804,1.79%,26.92
https://www.johndcook.com/blog/2023/08/06/swish-mish-and-serf/,192,26942,0.71%,13.67
https://www.johndcook.com/blog/cpp_phi/,192,7170,2.68%,9.35
https://www.johndcook.com/blog/2022/12/31/groups-of-order-2023/,192,2046,9.38%,31.58
https://www.johndcook.com/blog/2024/03/01/whats-the-best-code-editor/,191,51904,0.37%,45.11
https://www.johndcook.com/blog/2011/07/19/you-wanted-banana/,190,22479,0.85%,12.75
https://www.johndcook.com/blog/2023/07/28/harmonic-conjugate/,190,18117,1.05%,34.08
https://www.johndcook.com/blog/2018/09/26/polygon-area/,189,38581,0.49%,34.76
https://www.johndcook.com/blog/2018/01/31/integrating-polynomials-over-a-sphere-or-ball/,188,15687,1.2%,31.46
https://www.johndcook.com/blog/2009/08/31/the-iot-test/,188,2398,7.84%,6.13
https://www.johndcook.com/blog/2009/08/19/generalized-central-limit-theorem/,187,7407,2.52%,30.33
https://www.johndcook.com/blog/2009/01/30/server-utilization-joel-on-queuing/,186,19261,0.97%,13.78
https://www.johndcook.com/blog/2016/02/27/octave-holes-on-a-saxophone/,185,31282,0.59%,20.69
https://www.johndcook.com/blog/2015/12/16/sinc-and-jinc-integrals/,185,23116,0.8%,15.17
https://www.johndcook.com/blog/2018/05/10/reciprocals-of-primes/,185,16921,1.09%,23.5
https://www.johndcook.com/blog/2023/07/29/arpabet-major/,184,45803,0.4%,6.49
https://www.johndcook.com/blog/2022/10/01/visualizing-vowels/,184,16352,1.13%,10.92
https://www.johndcook.com/blog/2022/10/12/operational-calculus/,184,10329,1.78%,18.72
https://www.johndcook.com/blog/2021/02/26/smith-transform/,184,10157,1.81%,32.27
https://www.johndcook.com/blog/2022/09/18/costas-arrays/,184,6284,2.93%,6.54
https://www.johndcook.com/blog/2024/01/01/inverse-factorial/,183,34021,0.54%,10.54
https://www.johndcook.com/blog/2018/07/15/unit-speed-curve/,183,17093,1.07%,33.83
https://www.johndcook.com/blog/2015/05/20/subway-map-of-the-solar-system/,183,11391,1.61%,15.19
https://www.johndcook.com/blog/2022/04/04/fwhm-quadratic/,182,25376,0.72%,19.05
https://www.johndcook.com/blog/2017/02/08/how-efficient-is-morse-code/,182,19449,0.94%,18.6
https://www.johndcook.com/blog/2012/01/05/double-epsilon-dbl_epsilon/,181,15809,1.14%,10.67
https://www.johndcook.com/blog/2020/02/04/odd-numbers-in-pascals-triangle/,181,12264,1.48%,14.33
https://www.johndcook.com/blog/2018/10/25/fourier-jacobi/,181,8162,2.22%,18.59
https://www.johndcook.com/blog/2021/10/03/filling-in-gaps-in-a-trig-table/,181,6456,2.8%,19.47
https://www.johndcook.com/blog/2010/10/25/buffers/,180,47475,0.38%,12.1
https://www.johndcook.com/blog/2020/03/21/how-to-set-num-lock-on-permanently/,180,35223,0.51%,21.26
https://www.johndcook.com/blog/2019/10/22/hacking-with-de-bruijn/,180,13795,1.3%,8.93
https://www.johndcook.com/blog/2016/02/15/curious-numbers/,180,8728,2.06%,9.66
https://www.johndcook.com/blog/normal_cdf_inverse/,179,25749,0.7%,22.5
https://www.johndcook.com/blog/2016/05/03/family-tree-numbering/,179,10888,1.64%,13.83
https://www.johndcook.com/blog/2013/07/19/the-seven-color-map-theorem/,179,7073,2.53%,23.72
https://www.johndcook.com/blog/2022/09/21/field-of-order-9/,178,28364,0.63%,40.05
https://www.johndcook.com/blog/2020/12/09/thaxted/,177,39612,0.45%,15.61
https://www.johndcook.com/OrthogonalPolynomials.pdf,177,5147,3.44%,38.53
https://www.johndcook.com/blog/2014/01/15/braille-unicode-and-binary/,176,8036,2.19%,13.63
https://www.johndcook.com/blog/2009/02/01/finite-differences/,175,17780,0.98%,30.31
https://www.johndcook.com/blog/2012/07/15/ancient-understanding-of-tides/,175,7873,2.22%,10.49
https://www.johndcook.com/blog/2024/10/10/golden-ellipse/,175,5133,3.41%,6.95
https://www.johndcook.com/blog/asymptotic_notation/,174,42391,0.41%,34.87
https://www.johndcook.com/blog/2018/09/20/footnote-on-fifth-root-trick/,174,34572,0.5%,17.55
https://www.johndcook.com/blog/lewis-modal-logics/,174,5332,3.26%,18.09
https://www.johndcook.com/unicode_numbers.html,173,16373,1.06%,18.02
https://www.johndcook.com/blog/2025/05/10/non-attacking-bishops/,172,121289,0.14%,5.54
https://www.johndcook.com/blog/2022/11/02/ellipse-rng/,172,3912,4.4%,18.19
https://www.johndcook.com/blog/2022/08/09/twitter-follower-distribution/,171,16495,1.04%,33
https://www.johndcook.com/blog/2019/03/07/cpu-time/,171,12375,1.38%,25.93
https://www.johndcook.com/blog/2023/07/10/lewis-carroll-determinants/,171,5428,3.15%,7.74
https://www.johndcook.com/blog/skewness_kurtosis/,171,2719,6.29%,26.02
https://www.johndcook.com/blog/binomial_coefficients/,169,38623,0.44%,34.28
https://www.johndcook.com/blog/2024/09/28/limitations-on-venn-diagrams/,169,33968,0.5%,19.64
https://www.johndcook.com/blog/2017/01/10/probability-of-secure-hash-collisions/,169,24497,0.69%,14.82
https://www.johndcook.com/blog/2023/09/14/garners-algorithm/,169,5347,3.16%,22.25
https://www.johndcook.com/blog/2024/11/05/trigonometric-interpolation/,169,4631,3.65%,19.37
https://www.johndcook.com/blog/2019/05/12/golden-ratio-primes/,168,15933,1.05%,20.39
https://www.johndcook.com/blog/2019/12/26/van-der-pol-period/,168,10933,1.54%,21.59
https://www.johndcook.com/blog/2020/09/19/driving-oscillations-with-square-waves/,168,8881,1.89%,34.07
https://www.johndcook.com/blog/2011/09/07/normal-subgroups/,168,7721,2.18%,24.6
https://www.johndcook.com/blog/2017/10/20/eliminate-first-order-term/,168,6827,2.46%,37.63
https://www.johndcook.com/blog/2022/11/16/cubic-quartic-double-root/,167,48322,0.35%,22.62
https://www.johndcook.com/blog/2023/06/19/conic-through-five-points/,167,12342,1.35%,48.92
https://www.johndcook.com/blog/tag/interpolation/,167,9893,1.69%,16.88
https://www.johndcook.com/blog/2019/10/14/privacy-budget/,167,5964,2.8%,9.03
https://www.johndcook.com/blog/services-2/,165,21478,0.77%,11.62
https://www.johndcook.com/blog/2024/01/13/binary-to-text-to-binary/,165,17106,0.96%,26.52
https://www.johndcook.com/blog/2013/08/20/why-are-differentiable-complex-functions-infinitely-differentiable/,165,11415,1.45%,34.38
https://www.johndcook.com/blog/2022/02/09/tent-map/,165,5310,3.11%,9.11
https://www.johndcook.com/Gamma.cpp,164,1295,12.66%,4.57
https://www.johndcook.com/blog/2018/07/24/names-large-numbers/,163,64236,0.25%,20.5
https://www.johndcook.com/blog/python_regex/,163,24970,0.65%,51.79
https://www.johndcook.com/blog/2010/11/15/the-middle-size-of-the-universe/,163,11658,1.4%,26.66
https://www.johndcook.com/blog/csharp_poisson/,163,3756,4.34%,44.66
https://www.johndcook.com/blog/2013/12/03/heisenberg-godel-and-chomsky-walk-into-a-bar/,163,1646,9.9%,19.2
https://www.johndcook.com/blog/2020/11/26/commutative-diagrams-quiver/,162,21430,0.76%,11.43
https://www.johndcook.com/blog/2016/01/09/spectra-of-complete-graphs-stars-and-rings/,162,19573,0.83%,15.56
https://www.johndcook.com/blog/2016/03/22/categorical-products/,161,23552,0.68%,26.77
https://www.johndcook.com/blog/2021/07/14/predator-prey-period/,161,7793,2.07%,28.71
https://www.johndcook.com/blog/2025/03/17/lessons-learned-with-the-z3-sat-smt-solver/,159,19989,0.8%,11.32
https://www.johndcook.com/blog/2013/02/22/undamped-forced-vibrations/,159,18614,0.85%,20.64
https://www.johndcook.com/blog/2021/10/24/dirichlet-mobius/,159,14173,1.12%,18.31
https://www.johndcook.com/blog/2017/08/09/selecting-things-in-emacs/,159,13955,1.14%,9.66
https://www.johndcook.com/blog/2022/11/14/simultaneous-root-finding/,159,6205,2.56%,16.78
https://www.johndcook.com/blog/2022/10/25/gibbsian-method/,159,3370,4.72%,7.09
https://www.johndcook.com/blog/2023/12/02/cauchy-radius/,158,15331,1.03%,24.85
https://www.johndcook.com/quantiles_parameters.pdf,158,11887,1.33%,71.64
https://www.johndcook.com/blog/2018/09/24/riemann-hypothesis-the-fine-structure-constant-and-the-todd-function/,158,11156,1.42%,15.05
https://www.johndcook.com/blog/2023/08/09/cosine-similarity-not-a-metric/,158,11040,1.43%,33.05
https://www.johndcook.com/blog/2024/03/07/blow-up-in-finite-time/,157,28187,0.56%,8.38
https://www.johndcook.com/HypergeometricFunctions.pdf,157,5383,2.92%,36.81
https://www.johndcook.com/blog/2010/06/15/why-computers-have-signed-zero/,156,38756,0.4%,17.25
https://www.johndcook.com/blog/2013/02/19/mechanical-vibrations/,156,13247,1.18%,24.68
https://www.johndcook.com/blog/2021/01/18/peaks-of-sinc/,156,8346,1.87%,26.72
https://www.johndcook.com/blog/2018/04/05/solar-system-on-log-scale/,156,4405,3.54%,15.77
https://www.johndcook.com/blog/2020/06/10/gibbs-phenomenon/,155,54354,0.29%,8.28
https://www.johndcook.com/blog/2016/08/23/area-of-a-triangle-and-its-projections/,155,11175,1.39%,41.48
https://www.johndcook.com/blog/2020/10/02/the-baseball-inequality/,154,3719,4.14%,41.03
https://www.johndcook.com/blog/2018/10/12/jacobi-function-nomenclature/,153,13759,1.11%,13.55
https://www.johndcook.com/blog/2017/08/16/reverse-engineering-the-seed-of-a-linear-congruential-generator/,153,6028,2.54%,17.35
https://www.johndcook.com/blog/2009/02/12/sums-of-uniform-random-values/,152,33064,0.46%,25.52
https://www.johndcook.com/blog/2024/01/16/the-iq-test-ai-cant-pass/,152,15752,0.96%,19.04
https://www.johndcook.com/blog/ieee_exceptions_in_cpp/,151,36319,0.42%,14.73
https://www.johndcook.com/blog/2016/02/10/musical-pitch-notation/,151,12713,1.19%,26.11
https://www.johndcook.com/blog/2025/04/20/fredholm-alternative/,150,9502,1.58%,10.11
https://www.johndcook.com/blog/2012/11/27/shakespeare-on-adolescence/,150,2539,5.91%,10.87
https://www.johndcook.com/blog/2018/04/22/duffing-equation/,149,16956,0.88%,10.56
https://www.johndcook.com/blog/2019/11/05/kahan/,149,9587,1.55%,20.12
https://www.johndcook.com/blog/2008/01/21/selection-bias-and-bombers/,148,11097,1.33%,25.19
https://www.johndcook.com/blog/2021/11/11/odd-parts-and-distinct-parts/,147,13126,1.12%,22.56
https://www.johndcook.com/blog/2022/08/15/org-table-python/,147,7927,1.85%,14.13
https://www.johndcook.com/blog/2023/09/15/ffdhe/,147,7564,1.94%,11.03
https://www.johndcook.com/blog/2018/07/23/biased-random-number-generation/,147,3271,4.49%,13.76
https://www.johndcook.com/blog/2012/05/10/solutions-to-knights-random-walk/,146,9478,1.54%,17.8
https://www.johndcook.com/blog/2023/03/15/slerp/,146,6606,2.21%,21.95
https://www.johndcook.com/blog/2019/09/28/control-characters/,145,22415,0.65%,24.32
https://www.johndcook.com/blog/2017/12/11/higher-order-taylor/,145,6796,2.13%,50.29
https://www.johndcook.com/blog/2010/03/31/maintenance-costs/,145,4608,3.15%,14.63
https://www.johndcook.com/blog/2023/10/02/corny-ai/,145,1179,12.3%,4.65
https://www.johndcook.com/blog/2018/08/07/rock-paper-scissors-lizard-spock/,144,66254,0.22%,18.5
https://www.johndcook.com/blog/2020/01/15/generator-expression/,144,26911,0.54%,24.31
https://www.johndcook.com/blog/2022/04/19/inversion-in-a-circle/,144,19306,0.75%,22.65
https://www.johndcook.com/blog/2021/03/26/simple-gamma-approximation/,144,5130,2.81%,27.86
https://www.johndcook.com/blog/2020/02/02/stiff-differential-equations/,143,24816,0.58%,14.11
https://www.johndcook.com/blog/2018/04/28/quadratic-formula/,143,12947,1.1%,35.22
https://www.johndcook.com/blog/2020/05/29/nuclear-tornadoes/,143,9710,1.47%,10.17
https://www.johndcook.com/blog/2023/01/18/barycentric-trilinear/,142,12300,1.15%,26.89
https://www.johndcook.com/blog/2018/09/04/pi-primes/,141,81983,0.17%,10.59
https://www.johndcook.com/blog/2009/09/15/mercator-projection/,141,62084,0.23%,14.65
https://www.johndcook.com/blog/2018/09/02/orders-of-finite-simple-groups/,141,36455,0.39%,15.2
https://www.johndcook.com/blog/2017/05/17/length-of-a-rose/,141,18181,0.78%,27.04
https://www.johndcook.com/blog/2014/11/30/ten-heads/,141,13477,1.05%,45.38
https://www.johndcook.com/blog/2019/12/31/sinc-jinc-lobes/,141,12996,1.08%,13.05
https://www.johndcook.com/blog/2021/12/19/multiply-octonions/,141,6074,2.32%,16.64
https://www.johndcook.com/blog/2017/12/26/equation-for-the-eiffel-tower/,141,5395,2.61%,9.32
https://www.johndcook.com/blog/applied-complex-analysis/,140,47965,0.29%,51.69
https://www.johndcook.com/blog/seven-normal-forms-in-logic/,140,24883,0.56%,26.04
https://www.johndcook.com/blog/2022/08/02/org-babel-vs-jupyter/,140,4547,3.08%,13.25
https://www.johndcook.com/blog/2022/07/10/ducci-sequences/,139,17350,0.8%,7.03
https://www.johndcook.com/blog/2021/05/26/coin-distribution/,139,15158,0.92%,25.2
https://www.johndcook.com/blog/2022/11/07/elliptic-integral-kinds/,139,10038,1.38%,27.16
https://www.johndcook.com/blog/2009/12/20/roots-of-integers/,138,58677,0.24%,16.4
https://www.johndcook.com/blog/r_language_for_programmers/,138,47261,0.29%,36.04
https://www.johndcook.com/blog/2020/05/06/manipulating-sums/,138,18580,0.74%,48.63
https://www.johndcook.com/blog/2010/07/09/replacing-mathematica-with-python/,138,10042,1.37%,29.05
https://www.johndcook.com/blog/2011/08/26/rejected-thoughts-coming-back/,138,6981,1.98%,8.01
https://www.johndcook.com/blog/2013/02/04/four-hours-of-concentration/,137,12984,1.06%,11.14
https://www.johndcook.com/blog/2010/02/24/random-sequence/,137,11830,1.16%,19.33
https://www.johndcook.com/blog/2024/04/17/approximating-a-spiral-by-rings/,137,11611,1.18%,23.37
https://www.johndcook.com/blog/2023/08/29/stellar-magnitude/,137,6566,2.09%,21.37
https://www.johndcook.com/blog/2024/02/13/borwein-integrals/,136,38444,0.35%,6.61
https://www.johndcook.com/blog/2023/05/06/cube-distance/,136,17295,0.79%,13.49
https://www.johndcook.com/blog/2023/04/14/metallic-ratios/,136,15681,0.87%,12.08
https://www.johndcook.com/blog/2022/01/08/corner-quotes-in-unicode/,136,10280,1.32%,12.16
https://www.johndcook.com/blog/2017/09/20/adding-laplace-or-gaussian-noise-to-database/,136,9647,1.41%,13.26
https://www.johndcook.com/blog/2020/05/10/convert-postscript-to-pdf-locally/,135,35087,0.38%,46.14
https://www.johndcook.com/blog/2024/01/31/bessel-zero-spacing/,135,33445,0.4%,10.22
https://www.johndcook.com/blog/2018/10/10/hadamard-product/,135,30513,0.44%,13.25
https://www.johndcook.com/blog/2019/09/20/zodiac/,135,12483,1.08%,12.26
https://www.johndcook.com/blog/2008/01/25/example-of-the-law-of-small-numbers/,135,8095,1.67%,12.99
https://www.johndcook.com/blog/2019/06/20/nines-and-sigmas/,135,5686,2.37%,29.07
https://www.johndcook.com/blog/2019/09/03/prefix-codes/,134,42201,0.32%,12.15
https://www.johndcook.com/blog/2020/12/01/k-free/,134,28768,0.47%,20.21
https://www.johndcook.com/blog/2015/05/17/fibonacci-number-system/,134,20288,0.66%,21.35
https://www.johndcook.com/blog/2013/02/20/free-damped-vibrations/,134,17953,0.75%,30.56
https://www.johndcook.com/blog/2016/07/18/what-is-an-asper/,134,5852,2.29%,24.18
https://www.johndcook.com/blog/2019/07/12/distribution-of-quadratic-residues/,133,32244,0.41%,31.21
https://www.johndcook.com/blog/2025/03/14/bbp/,133,23917,0.56%,11.43
https://www.johndcook.com/blog/2021/04/30/repeating-decimals-in-any-base/,133,19307,0.69%,36.04
https://www.johndcook.com/blog/2021/09/07/kn-choose-n/,133,12899,1.03%,20.88
https://www.johndcook.com/blog/2008/11/17/fast-way-to-test-whether-a-number-is-a-square/,132,27969,0.47%,31.38
https://www.johndcook.com/blog/2023/10/23/nonlinear-algebra/,132,21161,0.62%,11.34
https://www.johndcook.com/blog/2022/11/03/bad-newton/,132,10161,1.3%,23.45
https://www.johndcook.com/blog/2025/03/08/chatgpt-tokens-and-unicode/,132,8503,1.55%,14.97
https://www.johndcook.com/blog/2025/10/08/diffeq-donut/,132,7206,1.83%,13.23
https://www.johndcook.com/blog/2021/04/01/hypotenuse-approximation/,132,3927,3.36%,15.19
https://www.johndcook.com/blog/2021/03/24/log10-trick/,131,22595,0.58%,44.17
https://www.johndcook.com/blog/2022/03/07/estimating-standard-deviation/,131,18841,0.7%,34.24
https://www.johndcook.com/blog/2021/07/10/monotonic-interpolation/,131,8159,1.61%,17.25
https://www.johndcook.com/blog/2013/09/03/naming-collections/,131,5858,2.24%,11.31
https://www.johndcook.com/blog/2020/09/08/inverse-gray-code/,131,5546,2.36%,25.98
https://www.johndcook.com/blog/2010/03/10/cooling/,130,29288,0.44%,10.05
https://www.johndcook.com/blog/2021/08/08/bounding-sphere/,130,18585,0.7%,18.01
https://www.johndcook.com/blog/2015/04/14/empty-sum-product/,129,47643,0.27%,32.96
https://www.johndcook.com/blog/2022/02/16/missing-morse-codes/,129,12456,1.04%,16.09
https://www.johndcook.com/blog/2023/02/13/quasiperiodic-functions/,129,10397,1.24%,22.75
https://www.johndcook.com/blog/2019/10/23/self-curvature/,129,10255,1.26%,17.34
https://www.johndcook.com/blog/2021/04/13/why-simple-approximations-work/,129,9721,1.33%,22.47
https://www.johndcook.com/blog/2021/04/28/powers-of-3-in-binary/,128,11403,1.12%,27.06
https://www.johndcook.com/blog/2019/10/12/hyperexponential-hypoexponential/,128,11125,1.15%,12.14
https://www.johndcook.com/blog/2020/07/22/banned-math-book/,128,5216,2.45%,16.8
https://www.johndcook.com/blog/2011/06/29/doubly-periodic-functions/,127,12468,1.02%,30.53
https://www.johndcook.com/blog/2021/12/13/latin-squares/,126,17927,0.7%,15.08
https://www.johndcook.com/blog/2022/11/04/evolute-of-an-ellipse/,126,9973,1.26%,10.92
https://www.johndcook.com/blog/2023/05/14/circulant-matrices-commute/,126,7623,1.65%,27.6
https://www.johndcook.com/blog/2022/09/25/katakana-hiragana-unicode/,125,87506,0.14%,11.62
https://www.johndcook.com/blog/2021/03/27/smallest-fraction/,125,44840,0.28%,19.48
https://www.johndcook.com/blog/2018/06/12/perl-as-a-better-grep/,125,11663,1.07%,14.23
https://www.johndcook.com/blog/2025/01/02/unicode-stegonography/,125,6903,1.81%,6.81
https://www.johndcook.com/blog/2019/12/30/excel-to-csv/,125,5750,2.17%,10.69
https://www.johndcook.com/blog/2019/04/27/rare-and-strange-icd-10-codes/,124,23436,0.53%,16.33
https://www.johndcook.com/blog/2024/07/13/renyi-parking-constant/,124,7066,1.75%,5.78
https://www.johndcook.com/blog/2020/03/14/the-brothers-markov/,124,5673,2.19%,14.83
https://www.johndcook.com/blog/2008/09/26/comparing-three-methods-of-computing-standard-deviation/,123,9210,1.34%,42.87
https://www.johndcook.com/blog/2023/09/11/hyperellipsoid-surface-area/,123,8791,1.4%,21.64
https://www.johndcook.com/blog/2018/06/14/low-rank-matrix-perturbations/,123,8015,1.53%,28.76
https://www.johndcook.com/blog/2023/02/16/pearson-distributions/,123,7532,1.63%,11.03
https://www.johndcook.com/blog/2025/05/20/mmt/,122,21919,0.56%,21.05
https://www.johndcook.com/blog/2008/12/10/solving-linear-congruences/,122,16596,0.74%,54.82
https://www.johndcook.com/blog/2024/04/25/closed-form-pde/,122,14412,0.85%,46.34
https://www.johndcook.com/blog/2010/02/17/self-sufficiency-is-the-road-to-poverty/,122,8544,1.43%,24.17
https://www.johndcook.com/blog/2016/02/04/regular-expression-to-match-a-chemical-element/,122,5758,2.12%,15.43
https://www.johndcook.com/blog/2022/09/04/computing-vin-checksums/,121,5829,2.08%,13.79
https://www.johndcook.com/blog/2020/07/15/kolmogorov-superposition/,121,5811,2.08%,41.19
https://www.johndcook.com/blog/2013/03/04/negative-damping/,120,11285,1.06%,14.22
https://www.johndcook.com/blog/2018/12/12/last-four-digits-ssn/,119,33993,0.35%,14.95
https://www.johndcook.com/blog/2020/12/02/a-cross-product-in-7-dimensions/,119,33858,0.35%,14.74
https://www.johndcook.com/blog/2023/05/20/contraharmonic-mean/,119,9035,1.32%,22.31
https://www.johndcook.com/blog/2008/10/31/changing-the-r-console-fonts/,119,8084,1.47%,24
https://www.johndcook.com/blog/2018/02/24/invert-power-series/,119,8032,1.48%,30.08
https://www.johndcook.com/ChebyshevPolynomials.pdf,118,13615,0.87%,19.91
https://www.johndcook.com/blog/2017/05/31/saxophone-with-two-octave-keys/,118,10178,1.16%,37.44
https://www.johndcook.com/blog/2018/02/11/liouville-green-approximation/,118,1203,9.81%,12.48
https://www.johndcook.com/blog/2018/03/26/sums-of-palindromes/,117,9807,1.19%,17.27
https://www.johndcook.com/blog/2016/05/11/loudness-and-sharpness/,117,8381,1.4%,14.45
https://www.johndcook.com/blog/2024/09/22/ellipse-perimeter-approx/,117,5929,1.97%,9.3
https://www.johndcook.com/blog/2022/12/12/conformal-rectangle-half-plane/,117,5901,1.98%,22.61
https://www.johndcook.com/blog/2021/07/12/spline-convergence-rate/,117,4441,2.63%,31.65
https://www.johndcook.com/blog/2022/10/15/python-as-stat-calculator/,117,3281,3.57%,33.04
https://www.johndcook.com/blog/2008/03/30/god-is-in-the-details/,116,31924,0.36%,14.44
https://www.johndcook.com/blog/2021/06/23/sum-bernoulli-not-iid/,116,10007,1.16%,17.43
https://www.johndcook.com/blog/2019/02/24/the-point-at-infinity/,116,9460,1.23%,18.88
https://www.johndcook.com/blog/2012/01/30/rule-of-the-last-inch/,116,1066,10.88%,6.66
https://www.johndcook.com/blog/2021/08/18/queens-on-a-donut/,115,61558,0.19%,9.78
https://www.johndcook.com/blog/2025/04/19/kernel-and-cokernel/,115,31475,0.37%,33.46
https://www.johndcook.com/blog/2010/06/08/c-math-gotchas/,115,16957,0.68%,21
https://www.johndcook.com/blog/2019/09/07/excel-r-bom/,115,11231,1.02%,19.87
https://www.johndcook.com/blog/2021/09/29/linear-ode-periodic/,115,7398,1.55%,25.28
https://www.johndcook.com/blog/2017/10/20/time-series-analysis-vs-dsp-terminology-ma-arma-fir-iir/,115,4182,2.75%,27.22
https://www.johndcook.com/blog/2024/09/14/ceva-routh/,114,89396,0.13%,12
https://www.johndcook.com/blog/2022/09/23/hcpcs-codes/,114,19570,0.58%,19.69
https://www.johndcook.com/blog/2018/04/15/eight-bit-floating-point/,114,13648,0.84%,16.97
https://www.johndcook.com/blog/2016/09/19/munchausen-numbers/,114,10442,1.09%,5.15
https://www.johndcook.com/blog/2023/11/04/logistic-normal-approximation/,114,5656,2.02%,20.05
https://www.johndcook.com/blog/2024/03/22/laguerres-root-finding-method/,114,3516,3.24%,14.53
https://www.johndcook.com/blog/2023/03/17/fixed-points-of-fourier/,113,9021,1.25%,17.77
https://www.johndcook.com/blog/2013/06/07/orwellian-vs-huxleyian/,113,4893,2.31%,11.56
https://www.johndcook.com/blog/2016/07/28/quantifying-how-annoying-a-sound-is/,113,3226,3.5%,8.17
https://www.johndcook.com/blog/2023/07/17/tukey-g-and-h/,113,2763,4.09%,13.92
https://www.johndcook.com/blog/2021/12/04/exact-sequences/,112,9166,1.22%,55.87
https://www.johndcook.com/blog/2022/04/20/blaschke-factors/,111,5771,1.92%,13.91
https://www.johndcook.com/blog/2020/11/29/cubic-calendars/,110,10968,1%,19.05
https://www.johndcook.com/blog/cpp_regex/,110,10009,1.1%,20.95
https://www.johndcook.com/blog/2012/02/21/care-and-treatment-of-singularities/,110,9473,1.16%,34.75
https://www.johndcook.com/blog/2018/03/13/generating-laplace-random-variables/,110,7589,1.45%,18.65
https://www.johndcook.com/blog/2017/04/18/computing-harmonic-numbers/,109,46412,0.23%,15.87
https://www.johndcook.com/blog/2019/04/02/history-of-the-term-squircle/,109,23009,0.47%,7.5
https://www.johndcook.com/blog/2025/07/07/j2-effect/,109,20054,0.54%,5.33
https://www.johndcook.com/blog/cplusplus_strings/,109,18664,0.58%,21.7
https://www.johndcook.com/blog/2008/05/19/rounding-and-integer-division-in-powershell/,109,11058,0.99%,26.83
https://www.johndcook.com/blog/2025/09/18/1420-mhz/,109,9501,1.15%,4.43
https://www.johndcook.com/blog/2022/02/12/bayesian-pricing/,109,3226,3.38%,7.95
https://www.johndcook.com/blog/2009/08/16/why-shakespeare-is-hard-to-read/,108,16573,0.65%,16.65
https://www.johndcook.com/blog/2020/05/20/clipped-sine-waves/,108,14525,0.74%,8.3
https://www.johndcook.com/blog/2024/06/03/solutions-to-tanx-x/,108,10681,1.01%,10.34
https://www.johndcook.com/blog/emacs_unicode/,108,8086,1.34%,17.86
https://www.johndcook.com/blog/2022/09/22/dominoes-in-unicode/,108,5414,1.99%,7.85
https://www.johndcook.com/blog/2017/03/01/numerically-integrating-periodic-functions/,107,8329,1.28%,35.02
https://www.johndcook.com/blog/2023/05/04/lti-operators-commute/,107,7977,1.34%,23.6
https://www.johndcook.com/blog/cauchy_estimation/,107,3430,3.12%,15.68
https://www.johndcook.com/blog/2023/09/24/mersenne-primes-are-unsafe/,106,4715,2.25%,24.74
https://www.johndcook.com/blog/wilson_hilferty/,106,2493,4.25%,19.98
https://www.johndcook.com/blog/2020/09/08/gray-code/,105,26186,0.4%,27.08
https://www.johndcook.com/blog/2025/04/27/transpose-vs-adjoint/,105,20569,0.51%,21.14
https://www.johndcook.com/blog/2015/08/04/last-digits-fibonacci-numbers/,105,20419,0.51%,20.3
https://www.johndcook.com/blog/2019/03/09/curve25519/,105,7014,1.5%,14.74
https://www.johndcook.com/blog/2021/01/14/sturm-hurwitz/,105,4324,2.43%,26.75
https://www.johndcook.com/blog/2019/12/09/cayley-hamilton/,105,3336,3.15%,29.43
https://www.johndcook.com/blog/2021/07/10/interpolating-brownian-motion/,105,2214,4.74%,32.62
https://www.johndcook.com/blog/2025/05/11/eight-queens-symmetry/,104,29441,0.35%,13.11
https://www.johndcook.com/blog/2023/06/05/similar-triangles/,104,12256,0.85%,28.16
https://www.johndcook.com/blog/2021/06/12/vibrating-circular-membranes/,104,7125,1.46%,14.11
https://www.johndcook.com/lat_long_details.html,103,14465,0.71%,30.22
https://www.johndcook.com/blog/2023/11/08/pate-framework/,103,5242,1.96%,7.99
https://www.johndcook.com/blog/2015/08/31/secret-equation/,103,4418,2.33%,32.2
https://www.johndcook.com/blog/2025/03/06/gelu/,102,27088,0.38%,10.47
https://www.johndcook.com/blog/2020/02/05/leap-seconds/,102,16462,0.62%,17.95
https://www.johndcook.com/blog/2022/03/30/portable-am-radio/,102,11851,0.86%,22.27
https://www.johndcook.com/blog/2012/11/15/logarithms/,102,9473,1.08%,25.51
https://www.johndcook.com/blog/2020/07/22/hadamard-inequality/,102,8930,1.14%,20.07
https://www.johndcook.com/blog/2018/12/07/no-funding-for-unwanted-news/,102,5625,1.81%,7.03
https://www.johndcook.com/blog/2023/09/22/continued-fractions-as-matrix-products-2/,102,3178,3.21%,18.98
https://www.johndcook.com/blog/2023/04/14/hendecagon/,101,126387,0.08%,12.43
https://www.johndcook.com/blog/2021/04/19/martian-gravity/,101,68715,0.15%,26.17
https://www.johndcook.com/blog/rng-testing/,101,13439,0.75%,13.06
https://www.johndcook.com/blog/2022/03/22/multiple-frequency-shift-keying/,101,9234,1.09%,13.3
https://www.johndcook.com/blog/2025/05/07/composing-rotation/,101,9216,1.1%,19.56
https://www.johndcook.com/blog/2019/03/04/base-58-encoding-and-bitcoin-addresses/,101,9136,1.11%,20.04
https://www.johndcook.com/blog/2009/09/15/linus-torvalds-cpp/,101,8350,1.21%,14.15
https://www.johndcook.com/blog/2021/06/12/justifying-separation-of-variables/,101,7657,1.32%,39.68
https://www.johndcook.com/blog/2009/09/21/gudermannian/,101,6608,1.53%,12.56
https://www.johndcook.com/blog/2011/04/06/a-knights-magic-square/,101,4515,2.24%,22.15
https://www.johndcook.com/blog/2025/04/23/multiple-coupon-problem/,100,13191,0.76%,18.18
https://www.johndcook.com/blog/2021/01/23/sums-of-consecutive-reciprocals/,100,11941,0.84%,37.04
https://www.johndcook.com/blog/2014/07/06/ellipsoid-surface-area/,100,11236,0.89%,29.4
https://www.johndcook.com/blog/2022/12/03/vector-potential/,100,10003,1%,44.91
https://www.johndcook.com/blog/2022/11/19/depress-general-polynomial/,100,9607,1.04%,12.58
https://www.johndcook.com/blog/2009/01/21/distribution-of-time-customers-spend-in-coffee-shops/,100,4661,2.15%,12.6
https://www.johndcook.com/blog/2020/02/05/using-practrand-to-test-rng/,100,4576,2.19%,8.83
https://www.johndcook.com/blog/2019/12/31/sql-join-csv-files/,100,3787,2.64%,11.07
https://www.johndcook.com/blog/2023/02/24/sine-of-integers/,100,3745,2.67%,9.97
https://www.johndcook.com/blog/2010/09/09/screwtape-on-music-and-silence/,100,1587,6.3%,9.76
https://www.johndcook.com/blog/2013/11/07/i-before-e/,99,32512,0.3%,30.92
https://www.johndcook.com/blog/expert-hipaa-deidentification/,99,29211,0.34%,29.64
https://www.johndcook.com/blog/2023/04/25/symbols-for-angles/,99,20318,0.49%,16.55
https://www.johndcook.com/blog/2020/09/23/bilinear-transformations/,99,7236,1.37%,30.16
https://www.johndcook.com/blog/2015/08/20/when-is-a-triangle-a-square/,98,42004,0.23%,14.96
https://www.johndcook.com/blog/2022/10/13/moon-around-sun/,98,27731,0.35%,24.05
https://www.johndcook.com/blog/2024/06/19/ellipse-perimeter-approximations/,98,11951,0.82%,14.13
https://www.johndcook.com/blog/2016/11/30/setting-up-emacs-shell-on-a-mac/,98,8541,1.15%,37.38
https://www.johndcook.com/blog/2022/06/25/reciprocal-of-a-circle/,98,4493,2.18%,39.58
https://www.johndcook.com/blog/2021/06/10/random-drug-screen/,98,3080,3.18%,10.59
https://www.johndcook.com/blog/2023/12/11/rectangles-to-rectangles/,98,2714,3.61%,37.33
https://www.johndcook.com/blog/2013/09/26/equation-in-stained-glass/,98,1531,6.4%,9.26
https://www.johndcook.com/blog/2023/09/04/jnf-above-below/,97,14507,0.67%,38.48
https://www.johndcook.com/blog/distributions_r_splus/,97,8386,1.16%,26.53
https://www.johndcook.com/blog/2019/10/30/higher-order-newton/,97,6564,1.48%,25.28
https://www.johndcook.com/blog/2024/08/18/bessel-everett/,97,5935,1.63%,20.38
https://www.johndcook.com/blog/2024/04/20/finding-strings-in-binary-files/,97,5052,1.92%,10.73
https://www.johndcook.com/blog/2022/05/03/quartal-melody-star-trek-fanfare/,97,3437,2.82%,22.76
https://www.johndcook.com/blog/2021/06/01/zareba-asterism-and-dinkus/,96,10421,0.92%,13.27
https://www.johndcook.com/blog/2021/12/02/diagram-chase/,96,5399,1.78%,14.42
https://www.johndcook.com/blog/2025/09/01/vanity-addresses/,96,5239,1.83%,8.59
https://www.johndcook.com/blog/2011/03/07/augustine-leibowitz-and-evolution/,96,3157,3.04%,7.84
https://www.johndcook.com/blog/2011/09/22/thomas-hardy-and-harry-potter/,96,1808,5.31%,19.05
https://www.johndcook.com/blog/2022/06/13/double-roots-and-odes/,95,18594,0.51%,33.53
https://www.johndcook.com/blog/2015/02/05/natural-logarithms-are-natural/,95,11270,0.84%,35.27
https://www.johndcook.com/blog/2019/10/10/primes-that-dont-look-like-primes/,95,5842,1.63%,13.64
https://www.johndcook.com/blog/2020/01/17/stable-recurrence-relations/,95,3432,2.77%,31.79
https://www.johndcook.com/blog/2022/04/04/vieta/,94,78610,0.12%,25.35
https://www.johndcook.com/blog/2018/05/31/six-sigma-events/,94,34801,0.27%,19.15
https://www.johndcook.com/blog/2025/03/30/fundamental-solution/,94,14872,0.63%,21.43
https://www.johndcook.com/blog/csharp_erf/,94,2842,3.31%,32.57
https://www.johndcook.com/blog/2013/06/12/example-of-unit-testing-r-code-with-testthat/,94,2438,3.86%,22.29
https://www.johndcook.com/SeparationOfConvexSets.pdf,93,17231,0.54%,33.33
https://www.johndcook.com/blog/2021/07/24/bilinear-exp-approximation/,93,11373,0.82%,22.7
https://www.johndcook.com/blog/2020/12/05/rrns/,93,9378,0.99%,15.29
https://www.johndcook.com/blog/2020/09/20/unicode-regex/,93,5974,1.56%,11.77
https://www.johndcook.com/efftox.pdf,92,22814,0.4%,18.19
https://www.johndcook.com/blog/2025/02/12/russian-morse-code/,92,13406,0.69%,12.75
https://www.johndcook.com/blog/2008/08/25/powershell-output-redirection-unicode-or-ascii/,92,9495,0.97%,16.79
https://www.johndcook.com/blog/2021/02/12/pi-in-pi-with-perl/,92,9060,1.02%,3.36
https://www.johndcook.com/blog/2014/06/07/swedish-superellipse/,92,7673,1.2%,22.68
https://www.johndcook.com/blog/2009/07/15/microsoft-word-equation-editor/,91,49248,0.18%,35.32
https://www.johndcook.com/blog/2009/05/16/golden-ratio-and-special-angles/,91,13536,0.67%,24.43
https://www.johndcook.com/blog/2015/05/01/rotating-pdf-pages-with-python/,91,10323,0.88%,31.57
https://www.johndcook.com/blog/2022/07/24/galois/,91,8052,1.13%,14.49
https://www.johndcook.com/blog/2023/11/17/phone-number-intel/,91,6067,1.5%,31.69
https://www.johndcook.com/blog/2019/08/02/aitken-acceleration/,91,5448,1.67%,11.47
https://www.johndcook.com/blog/2020/09/26/sagging-tape-measure/,91,4663,1.95%,16.11
https://www.johndcook.com/blog/2018/10/03/technological-context/,91,4014,2.27%,7.72
https://www.johndcook.com/blog/2023/04/24/beta-approximation-to-binomial/,91,2671,3.41%,42.3
https://www.johndcook.com/blog/2018/12/19/trademark-symbol-latex-and-unicode/,90,30592,0.29%,18.95
https://www.johndcook.com/blog/2015/10/06/number-of-digits-in-n/,90,26448,0.34%,17.19
https://www.johndcook.com/blog/2018/03/30/generalized-normal-kurtosis/,90,12312,0.73%,19.76
https://www.johndcook.com/blog/2020/10/19/the-word-problem/,90,11553,0.78%,19.61
https://www.johndcook.com/blog/2022/01/24/dual-axioms-in-modal-logic/,90,10345,0.87%,13.56
https://www.johndcook.com/blog/2023/08/17/memorizing-four-digit-numbers/,90,10083,0.89%,20.94
https://www.johndcook.com/blog/2022/04/21/mobius-fixed-points/,90,9069,0.99%,22
https://www.johndcook.com/blog/2009/11/02/powershell-2-0-for-windows-xp-etc/,90,7081,1.27%,43.43
https://www.johndcook.com/blog/2018/11/02/continued-fraction-cryptography/,90,2443,3.68%,30.5
https://www.johndcook.com/blog/2013/08/03/addition-formulas-for-bessel-functions/,90,1171,7.69%,9.96
https://www.johndcook.com/blog/2009/09/30/perfect-fifths-equal-temperament/,89,17466,0.51%,14.89
https://www.johndcook.com/blog/2010/04/29/simple-approximation-to-normal-distribution/,89,13245,0.67%,37.12
https://www.johndcook.com/blog/2021/03/09/vectors-matrices/,89,11196,0.79%,37.15
https://www.johndcook.com/blog/2024/12/19/is-ai-just-a-stochastic-parrot/,89,6859,1.3%,13.89
https://www.johndcook.com/blog/all-possible-scales/,89,4396,2.02%,25.2
https://www.johndcook.com/blog/2016/06/29/sparsely-populated-zip-codes/,89,4284,2.08%,15.75
https://www.johndcook.com/blog/2012/06/14/root-finding-with-noisy-functions/,89,2150,4.14%,50.71
https://www.johndcook.com/blog/2018/11/16/kilogram-planck/,88,42198,0.21%,22.76
https://www.johndcook.com/blog/2023/06/24/little-omega/,88,27809,0.32%,36.17
https://www.johndcook.com/blog/2021/02/11/trig-across-languages/,88,23067,0.38%,18.44
https://www.johndcook.com/blog/2021/04/05/arithmetic-geometric-mean/,88,21031,0.42%,41.73
https://www.johndcook.com/blog/2016/03/10/creating-police-siren-sounds-with-frequency-modulation/,88,11108,0.79%,40.72
https://www.johndcook.com/blog/2013/05/10/efficiency-vs-robustness/,88,7869,1.12%,6.79
https://www.johndcook.com/blog/2009/09/24/poverty-versus-squalor/,88,3995,2.2%,20.24
https://www.johndcook.com/blog/2020/06/16/nasas-favorite-ode-solver/,88,2490,3.53%,24.27
https://www.johndcook.com/blog/2022/02/21/q-codes-in-seveneves/,87,14600,0.6%,17.17
https://www.johndcook.com/blog/2016/01/25/understanding-a-graph-by-peeling-away-nodes/,87,10740,0.81%,22.34
https://www.johndcook.com/blog/2016/04/27/how-to-create-green-noise-in-python/,87,3871,2.25%,15.58
https://www.johndcook.com/blog/2017/08/14/testing-rngs-with-practrand/,87,3580,2.43%,10.65
https://www.johndcook.com/blog/2023/01/03/pratt-certificate/,87,3053,2.85%,10.87
https://www.johndcook.com/blog/2013/11/15/dimensional-analysis/,86,35046,0.25%,29.84
https://www.johndcook.com/blog/2025/04/16/triangulate-polygon/,86,33200,0.26%,25.11
https://www.johndcook.com/blog/2025/07/07/legendre-polynomials/,86,21179,0.41%,13.09
https://www.johndcook.com/blog/2017/01/04/cover-time-of-a-graph-cliques-chains-and-lollipops/,86,12263,0.7%,10.29
https://www.johndcook.com/blog/2021/11/07/three-error-function-series/,86,10925,0.79%,29.2
https://www.johndcook.com/blog/2025/02/12/chebyshev-third-fourth/,86,10185,0.84%,38.66
https://www.johndcook.com/blog/2021/12/27/the-exception-case-is-normal/,85,22306,0.38%,6.8
https://www.johndcook.com/blog/2018/12/29/northern-lights/,85,19256,0.44%,27.89
https://www.johndcook.com/blog/2016/02/08/connection-between-hypergeometric-distribution-and-series/,85,15153,0.56%,46.42
https://www.johndcook.com/blog/2021/02/08/pitch-of-a-big-wine-bottle/,85,14155,0.6%,30.34
https://www.johndcook.com/blog/2021/11/02/fractions-in-unicode/,85,12743,0.67%,14.92
https://www.johndcook.com/blog/2023/08/08/finite-mobius/,85,10672,0.8%,28.46
https://www.johndcook.com/blog/2021/12/07/the-ring-of-entire-functions/,85,9455,0.9%,35.53
https://www.johndcook.com/blog/2015/03/24/fitting-a-triangular-distribution/,85,8714,0.98%,27.16
https://www.johndcook.com/blog/2019/07/23/twisted-elliptic-curves/,85,6267,1.36%,18.94
https://www.johndcook.com/blog/2018/12/19/rsa-with-one-known-prime/,85,4601,1.85%,31.2
https://www.johndcook.com/blog/2018/05/30/calendars-and-continued-fractions/,85,4510,1.88%,15.94
https://www.johndcook.com/Beautiful_Testing_ch10.pdf,85,2947,2.88%,40.24
https://www.johndcook.com/blog/2012/02/02/how-to-compute-jincx/,85,2379,3.57%,13.85
https://www.johndcook.com/blog/2021/06/22/computing-logs-with-the-agm/,85,1214,7%,27.89
https://www.johndcook.com/blog/2019/10/19/exact-values-of-sine-and-cosine/,84,30525,0.28%,34.57
https://www.johndcook.com/blog/2012/10/27/buckyball/,84,14368,0.58%,21.91
https://www.johndcook.com/blog/2009/04/06/anatomy-of-a-floating-point-number/,84,12794,0.66%,28.65
https://www.johndcook.com/blog/2020/01/15/weierstrass-elliptic-functions/,84,11031,0.76%,18.94
https://www.johndcook.com/blog/2020/12/14/shells-quoting-and-one-liners/,84,10218,0.82%,33.41
https://www.johndcook.com/blog/2023/02/07/mediant-approximation-trick/,84,9088,0.92%,10.64
https://www.johndcook.com/blog/2021/04/19/hashing-phone-numbers/,84,8966,0.94%,10.97
https://www.johndcook.com/blog/2023/12/19/conformal-map-disk-triangle/,84,5845,1.44%,39.92
https://www.johndcook.com/blog/2022/12/08/conformal-rectangle-to-ellipse/,84,5536,1.52%,17.76
https://www.johndcook.com/blog/2019/12/26/driven-van-der-pol/,84,4764,1.76%,9.74
https://www.johndcook.com/blog/2018/08/14/bitcoin-elliptic-curves/,83,22771,0.36%,11.65
https://www.johndcook.com/blog/2009/02/27/blue-rondo-a-la-turk/,83,13045,0.64%,16.75
https://www.johndcook.com/blog/2016/07/18/what-is-a-vacil/,83,9861,0.84%,6.69
https://www.johndcook.com/blog/2021/03/17/fourier-transforms-in-mathematica/,83,5875,1.41%,13.46
https://www.johndcook.com/blog/2010/07/14/bc-math-library/,83,5035,1.65%,16.65
https://www.johndcook.com/blog/2025/05/24/meyers-serrin/,83,1430,5.8%,17.41
https://www.johndcook.com/blog/2011/06/01/collatz-3n-1-conjecture-solved/,82,23686,0.35%,21.72
https://www.johndcook.com/blog/2021/03/30/within-one-percent/,82,14733,0.56%,36.96
https://www.johndcook.com/blog/2023/12/07/weierstrass-trick/,82,13817,0.59%,19.07
https://www.johndcook.com/blog/2009/03/06/student-t-distribution-mean-median/,82,9914,0.83%,20.01
https://www.johndcook.com/blog/2017/11/06/chebyshev-interpolation/,82,8829,0.93%,18.32
https://www.johndcook.com/blog/2022/10/21/shell-replace-word/,82,8728,0.94%,15.84
https://www.johndcook.com/blog/2023/08/07/sort-u/,82,7777,1.05%,19.72
https://www.johndcook.com/blog/2020/02/26/perfect-codes/,82,5210,1.57%,17.88
https://www.johndcook.com/blog/2014/11/23/compute-trig-tables/,81,11000,0.74%,37.37
https://www.johndcook.com/blog/2009/04/01/polynomial-interpolation-errors/,81,10326,0.78%,46.49
https://www.johndcook.com/blog/2016/03/23/cornus-spiral/,81,6242,1.3%,12.01
https://www.johndcook.com/blog/2019/10/30/tan_n/,81,3587,2.26%,10.56
https://www.johndcook.com/blog/2009/11/23/thomas-edisons-fire/,81,3386,2.39%,8.2
https://www.johndcook.com/blog/2018/07/08/weak-groups/,80,42351,0.19%,21.63
https://www.johndcook.com/blog/2010/12/02/three-surprises-with-the-trapezoid-rule/,80,25832,0.31%,36.84
https://www.johndcook.com/blog/2020/09/14/superfactorial/,80,16918,0.47%,7.24
https://www.johndcook.com/blog/2016/05/03/spectral-flatness/,80,11994,0.67%,7.43
https://www.johndcook.com/blog/2024/05/10/small-probabilities-add/,80,9563,0.84%,15.44
https://www.johndcook.com/blog/2010/09/15/visualize-bessel-functions/,80,7986,1%,35.16
https://www.johndcook.com/blog/2016/07/26/grunwald-letnikov/,80,4682,1.71%,16.5
https://www.johndcook.com/blog/2021/11/16/information-loss-and-entropy/,80,4084,1.96%,41.16
https://www.johndcook.com/blog/2017/08/19/programming-language-life-expectancy/,80,3935,2.03%,20.09
https://www.johndcook.com/blog/2022/03/22/dial-tone-and-busy-signal/,79,15216,0.52%,19.05
https://www.johndcook.com/blog/2013/02/12/generalized-fourier-transforms/,79,8497,0.93%,33.42
https://www.johndcook.com/blog/2022/10/04/visualizing-swedish-vowels/,79,7241,1.09%,16.14
https://www.johndcook.com/blog/2017/01/12/safe-primes-sylow-theorems-and-cryptography/,79,6695,1.18%,16.27
https://www.johndcook.com/blog/2023/01/05/law-of-cotangents/,79,5762,1.37%,11.27
https://www.johndcook.com/blog/2018/02/22/fibonacci-binomial-coefficient-identity/,79,5400,1.46%,21.88
https://www.johndcook.com/blog/2022/04/08/hilbert-transform-and-mathematica/,79,3324,2.38%,24.17
https://www.johndcook.com/blog/2017/11/20/ortho-poly-beta/,79,3183,2.48%,24.16
https://www.johndcook.com/blog/2010/07/27/sine-approximation-for-small-x/,78,35651,0.22%,29.63
https://www.johndcook.com/blog/2011/08/17/odd-numbers-in-odd-bases/,78,20864,0.37%,31.85
https://www.johndcook.com/blog/2019/01/25/salt-and-stretching/,78,17674,0.44%,41.76
https://www.johndcook.com/blog/2024/11/10/the-postage-stamp-problem/,78,12209,0.64%,11.6
https://www.johndcook.com/NumericalODEStepSize.pdf,78,7751,1.01%,33.42
https://www.johndcook.com/Cauchy_estimation.html,78,6121,1.27%,19.81
https://www.johndcook.com/blog/2010/01/13/soft-maximum/,78,6082,1.28%,21.73
https://www.johndcook.com/blog/2021/08/25/multiplicative-group-size/,78,5605,1.39%,19.15
https://www.johndcook.com/blog/2025/04/04/linear-kdv-dispersion/,78,3637,2.14%,32.97
https://www.johndcook.com/blog/2020/02/22/chacha-rng-with-fewer-rounds/,78,3080,2.53%,11.77
https://www.johndcook.com/blog/2009/11/04/little-coffee-on-the-prairie/,78,2348,3.32%,14.71
https://www.johndcook.com/blog/2021/01/30/python-triple-quote-regex/,77,21712,0.35%,15.31
https://www.johndcook.com/blog/2009/09/22/negative-binomial-distribution/,77,16557,0.47%,59.62
https://www.johndcook.com/blog/2018/03/09/could-you-read-on-pluto/,77,15975,0.48%,18.37
https://www.johndcook.com/blog/2022/05/09/logarithmic-spiral/,77,14269,0.54%,15.53
https://www.johndcook.com/blog/2018/03/19/asymptotic-solution-to-ode/,77,11980,0.64%,27.97
https://www.johndcook.com/blog/2019/01/23/queueing/,77,11031,0.7%,48.64
https://www.johndcook.com/blog/2018/08/10/equal-earth-projection/,77,10471,0.74%,21.25
https://www.johndcook.com/blog/2019/05/26/sums-of-volumes-of-spheres/,77,9165,0.84%,36.84
https://www.johndcook.com/blog/2023/10/18/portable-sed-i/,77,9029,0.85%,11.41
https://www.johndcook.com/blog/2009/06/24/optical-illusion/,77,8966,0.86%,16.63
https://www.johndcook.com/blog/normal_approx_to_gamma/,77,6699,1.15%,19.2
https://www.johndcook.com/blog/2015/03/11/extremely-small-probabilities/,77,5830,1.32%,20.25
https://www.johndcook.com/blog/2023/11/20/nonlinear-pendulum-period/,77,5705,1.35%,14.97
https://www.johndcook.com/blog/2025/05/14/quaterion-mult-matrices/,77,5562,1.38%,22.5
https://www.johndcook.com/blog/2016/02/12/improving-on-chebyshevs-inequality/,77,3201,2.41%,38.13
https://www.johndcook.com/blog/2014/11/22/ergodic/,77,2509,3.07%,14.25
https://www.johndcook.com/blog/2010/08/28/inside-the-multitasking-and-marijuana-study/,77,2386,3.23%,22.63
https://www.johndcook.com/blog/2020/02/26/cubic-iteration/,77,1510,5.1%,21.27
https://www.johndcook.com/blog/2010/10/27/divisibility-by-7/,76,64344,0.12%,33.46
https://www.johndcook.com/blog/2021/04/03/calculating-square-roots/,76,24432,0.31%,43.29
https://www.johndcook.com/blog/2023/11/17/pii-in-photos/,76,13905,0.55%,15.55
https://www.johndcook.com/blog/2017/03/09/how-areas-of-math-are-connected/,76,11114,0.68%,18.93
https://www.johndcook.com/blog/2017/11/04/fourier-bessel-series-and-gibbs-phenomena/,76,7383,1.03%,16.96
https://www.johndcook.com/blog/2021/10/14/discrete-gaussian-sum/,76,5573,1.36%,58.1
https://www.johndcook.com/blog/2016/01/10/visualizing-the-dft-matrix/,76,4627,1.64%,26.34
https://www.johndcook.com/blog/2023/10/11/python-agm/,76,2845,2.67%,17.23
https://www.johndcook.com/blog/2018/07/20/homotopy-groups-of-spheres/,75,30377,0.25%,12.71
https://www.johndcook.com/blog/2019/10/02/sturm-series/,75,19536,0.38%,49.86
https://www.johndcook.com/blog/2023/05/10/map-distortion/,75,14765,0.51%,22.87
https://www.johndcook.com/half_life_calculator.html,75,14207,0.53%,17.06
https://www.johndcook.com/blog/2019/11/13/anagram-frequency/,75,13569,0.55%,33.99
https://www.johndcook.com/blog/2017/09/23/sierpinski-triangle-strikes-again/,75,11015,0.68%,7.13
https://www.johndcook.com/blog/2025/09/10/mental-rng/,75,9574,0.78%,17.96
https://www.johndcook.com/blog/2023/07/25/extending-harmonic-numbers/,75,8322,0.9%,32.24
https://www.johndcook.com/blog/2015/12/09/find-rss-feeds/,75,8086,0.93%,15.05
https://www.johndcook.com/blog/2023/07/19/v-statistics/,75,7453,1.01%,12.25
https://www.johndcook.com/blog/2015/09/27/doubly-and-triply-periodic-functions/,75,7361,1.02%,45.89
https://www.johndcook.com/blog/2024/06/05/regression-without-intercept/,75,6013,1.25%,29.2
https://www.johndcook.com/blog/2018/02/16/bell-polynomials/,75,5156,1.45%,24.78
https://www.johndcook.com/blog/2020/07/20/cosine-power-approx/,75,4779,1.57%,9.54
https://www.johndcook.com/blog/2018/01/25/easter-eggs-and-yellow-pigs/,75,4410,1.7%,40.57
https://www.johndcook.com/blog/2025/02/18/the-buenos-aires-constant/,75,3371,2.22%,66.12
https://www.johndcook.com/blog/2019/08/04/spiral-of-theodorus/,74,25469,0.29%,6.49
https://www.johndcook.com/blog/2009/04/27/converting-miles-to-degrees-longitude-or-latitude/,74,15302,0.48%,30.06
https://www.johndcook.com/blog/2009/06/25/probability-approximation/,74,9599,0.77%,31.68
https://www.johndcook.com/blog/2018/06/26/objectives-and-constraints/,74,8514,0.87%,13.36
https://www.johndcook.com/blog/2023/09/03/dft-numpy-mathematica/,74,6452,1.15%,26.17
https://www.johndcook.com/blog/2022/11/29/elliptic-functions-python/,74,4668,1.59%,12.48
https://www.johndcook.com/blog/2022/11/15/t-entropy/,74,2207,3.35%,26.68
https://www.johndcook.com/blog/2024/12/16/perpetual-calendars/,73,15612,0.47%,19.99
https://www.johndcook.com/blog/2012/08/30/flying-to-mars-in-three-days/,73,13348,0.55%,20.95
https://www.johndcook.com/blog/2019/09/10/progress-on-the-collatz-conjecture/,73,12440,0.59%,12.59
https://www.johndcook.com/blog/2018/05/07/truncated-svd/,73,8555,0.85%,28.74
https://www.johndcook.com/blog/python_erf/,73,6413,1.14%,12.16
https://www.johndcook.com/blog/2019/07/17/integral-approximation-trick/,73,4928,1.48%,47.96
https://www.johndcook.com/blog/2023/07/29/ruzsa-distance/,73,1094,6.67%,13.04
https://www.johndcook.com/blog/2024/08/31/mentally-multiply-by-pi/,72,19902,0.36%,8.4
https://www.johndcook.com/blog/2018/04/24/moore-penrose-pseudoinverse-is-not-an-adjoint/,72,15266,0.47%,33.41
https://www.johndcook.com/blog/2016/08/19/how-many-ways-can-you-tile-a-chessboard-with-dominoes/,72,14359,0.5%,11.84
https://www.johndcook.com/blog/2021/11/26/spherical-excess/,72,14133,0.51%,28.55
https://www.johndcook.com/blog/2019/12/24/master-apprentice-graph/,72,12147,0.59%,19.76
https://www.johndcook.com/blog/2021/04/26/fgrep/,72,9334,0.77%,17.4
https://www.johndcook.com/blog/2020/03/10/remez-algorithm/,72,7290,0.99%,17.8
https://www.johndcook.com/blog/2022/11/09/computing-acrcos/,72,2349,3.07%,41.83
https://www.johndcook.com/blog/2010/10/14/kibi-mebi-gibi/,71,70945,0.1%,33.85
https://www.johndcook.com/blog/2013/04/23/bad-normal-approximation/,71,21591,0.33%,20.78
https://www.johndcook.com/blog/2020/10/16/primitive-pythagorean-triples/,71,17884,0.4%,28.4
https://www.johndcook.com/blog/2023/07/09/jacobi-trig/,71,6815,1.04%,22.06
https://www.johndcook.com/blog/2012/05/04/visiting-puerto-rico/,71,5933,1.2%,11.69
https://www.johndcook.com/blog/2024/02/26/infinite-determinant/,71,3425,2.07%,12.25
https://www.johndcook.com/blog/2018/11/07/west-coast-law/,71,1955,3.63%,9.07
https://www.johndcook.com/blog/2019/08/19/lebesgue-weierstrass/,71,1124,6.32%,44.31
https://www.johndcook.com/trig.html,70,61360,0.11%,22.92
https://www.johndcook.com/blog/2012/03/27/polynomial-trick/,70,41278,0.17%,36.35
https://www.johndcook.com/blog/2021/11/10/partitions-and-pentagons/,70,10995,0.64%,26.71
https://www.johndcook.com/blog/2019/09/27/fat-tails-and-the-t-test/,70,9745,0.72%,40.56
https://www.johndcook.com/blog/2023/06/27/dedekind/,70,9595,0.73%,11.73
https://www.johndcook.com/blog/2009/03/16/sharps-and-flats-in-html/,70,4891,1.43%,32.45
https://www.johndcook.com/blog/2009/03/26/springs-and-resistors-harmonic-mean/,70,4872,1.44%,21.8
https://www.johndcook.com/blog/2018/11/19/midys-theorem/,70,4057,1.73%,16.87
https://www.johndcook.com/blog/2015/10/13/fibonacci-numbers-arctangents-and-pi/,70,2485,2.82%,30.76
https://www.johndcook.com/blog/2022/11/23/laplace-half-plane/,70,2004,3.49%,35.59
https://www.johndcook.com/blog/2019/01/08/hipaa-date-of-service/,70,1676,4.18%,17.24
https://www.johndcook.com/perimeter_ellipse.html,69,20502,0.34%,25.64
https://www.johndcook.com/blog/2019/08/21/zip-code-population/,69,7843,0.88%,22.51
https://www.johndcook.com/blog/2025/09/16/monero-seed-words/,69,7112,0.97%,9.09
https://www.johndcook.com/blog/2019/09/16/collatz-conjecture-skepticism/,69,7019,0.98%,24.77
https://www.johndcook.com/blog/2017/05/15/when-length-equals-area/,69,5478,1.26%,23.66