Top queries,Clicks,Impressions,CTR,Position
interpolation calculator,238116,327102,72.8%,1.02
linear interpolation calculator,102609,138616,74.02%,1
linear interpolation,59310,357762,16.58%,3.06
interpolation,32049,1208871,2.65%,4.78
ascii table,30025,3304792,0.91%,4.01
interpolator,7294,25590,28.5%,2
interpolate,6468,382209,1.69%,5.57
linear interpolator,6408,8832,72.55%,1.06
interpolation online,6380,10220,62.43%,1.16
online interpolation,5939,8103,73.29%,1.06
linear interpolation formula,5630,174885,3.22%,5.47
interpolate calculator,4405,6367,69.18%,1.1
interpolation calc,3088,4511,68.45%,1.02
interpolation formula calculator,2680,4926,54.41%,1.21
interpolation formula,2646,149913,1.77%,6.76
interpolation calculator online,2599,4027,64.54%,1.28
symbol identifier,2579,7952,32.43%,2.54
linear interpolation online,2498,3615,69.1%,1
john d cook interpolation,2403,2648,90.75%,1.04
interpolasi calculator,2301,3390,67.88%,1.04
interpolare calculator,2272,3119,72.84%,1.05
john d cook,2188,4274,51.19%,1.22
interpolare liniara,1833,4160,44.06%,1.65
calculator interpolare,1730,2457,70.41%,1.03
interpolate online,1636,2417,67.69%,1.05
extrapolation calculator,1529,14985,10.2%,4.35
interpolation tool,1465,2484,58.98%,1.63
interpolasi online,1457,3964,36.76%,2
linear interpolation formula calculator,1452,2255,64.39%,1
interpolation calculation,1426,3270,43.61%,1.23
online interpolation calculator,1411,1969,71.66%,1.02
butcher tableau,1303,6056,21.52%,1.48
symbol search,1275,8947,14.25%,5.4
kalkulator interpolasi,1274,5078,25.09%,2.32
linear interpolation calc,1203,1823,65.99%,1
wavelength to rgb,1186,5288,22.43%,1.77
interpolate calculation,1020,1582,64.48%,1.02
linear extrapolation calculator,997,3158,31.57%,2.4
online linear interpolation,926,1286,72.01%,1.01
quadratic interpolation calculator,894,1567,57.05%,1.01
johndcook,776,1029,75.41%,1.08
interpolate calc,768,1107,69.38%,1.03
interpolator calculator,768,1016,75.59%,1
interpolation formula online,737,1012,72.83%,1.08
john cook interpolation,725,789,91.89%,1
online interpolator,704,961,73.26%,1.01
interpolare,652,3343,19.5%,4.64
interpolasyon calculator,648,912,71.05%,1.01
linear interpolate,647,2867,22.57%,2.28
eigenvalues of 2x2 matrix,626,6641,9.43%,3.7
symbol finder,589,6121,9.62%,7.33
interpolacija kalkulator,586,771,76.01%,1.01
interpolation calcualtor,580,772,75.13%,1.01
interpolation online calculator,546,816,66.91%,1.14
linear interpolation calculation,543,996,54.52%,1.01
r copy to clipboard,508,1631,31.15%,1.5
reverse cauchy schwarz inequality,496,972,51.03%,1.21
unicode to latex,478,848,56.37%,1.12
body roundness index chart,473,8480,5.58%,7.05
asci table,457,50424,0.91%,4.15
ascii chart,455,78952,0.58%,6.03
interpolation cal,451,610,73.93%,1
symmetrical words,441,3698,11.93%,1.71
interpolation table,430,1786,24.08%,2.49
linear interpolation tool,429,540,79.44%,1
gram matrix,427,48380,0.88%,7.2
cosmic ray bit flip,421,10363,4.06%,4.55
latex to unicode,421,5899,7.14%,4.41
interpolação linear online,421,3818,11.03%,4.41
interpolare online,411,603,68.16%,1.05
linear interpolater,407,542,75.09%,2.62
interpolasi kalkulator,390,1079,36.14%,2.17
linearna interpolacija kalkulator,387,494,78.34%,1.01
interpolation linéaire,384,5980,6.42%,9.63
kronecker sum,384,3362,11.42%,3.16
draw a symbol search,380,1290,29.46%,2.93
linear interpolation equation,376,13555,2.77%,5.13
lerp calculator,376,1444,26.04%,2.26
periodic table abbreviations,366,4615,7.93%,2.73
fibonacci sphere,364,6301,5.78%,4.39
john cook interpolator,363,409,88.75%,1
gamma function identities,359,2873,12.5%,2.75
interpolation john d cook,359,372,96.51%,1
interpolation linéaire calculator,357,443,80.59%,1.01
raabe's test,349,9028,3.87%,4.21
interpolation linear,348,2657,13.1%,2.72
interpolation method calculator,346,579,59.76%,1.27
discrete laplace transform,333,2517,13.23%,2.7
interpolator online,332,438,75.8%,1.01
interpolating calculator,317,444,71.4%,1.01
linear interpolator calculator,313,404,77.48%,1
state and prove picard's theorem pdf,310,747,41.5%,1.03
draw a symbol and find out what it means,306,415,73.73%,1.3
element abbreviations,302,5736,5.26%,2.98
eigenvalues of a 2x2 matrix,302,3807,7.93%,4.38
ascii,298,366688,0.08%,6.31
double triple quadruple,287,69504,0.41%,7.02
draw symbol,278,7257,3.83%,4.64
john d cook linear interpolation,278,300,92.67%,1
quadratic spline interpolation calculator,273,615,44.39%,1.9
a bayesian view of amazon resellers,270,369,73.17%,1.02
gauss lobatto quadrature,269,1717,15.67%,2.86
fraction approximation,262,787,33.29%,1.07
spherical trigonometry,252,23221,1.09%,8.06
body roundness index calculator,252,12855,1.96%,10.87
ascii value table,247,16037,1.54%,2.03
liner interpolation,245,1295,18.92%,3.19
n choose k with replacement,244,689,35.41%,1.09
calculator interpolation,242,570,42.46%,1.24
interpolador online,241,2757,8.74%,5.66
eigenvalues 2x2 matrix,241,1819,13.25%,3.23
draw symbol to find meaning,237,510,46.47%,1.93
john cook linear interpolation,237,254,93.31%,1.08
md5 collision,236,10378,2.27%,8.14
linear interpolation calculator online,236,359,65.74%,1
interpolate values,235,846,27.78%,1.64
symbol finder draw,234,1183,19.78%,3
interpolation equation calculator,234,348,67.24%,1.06
interpolação online,232,3070,7.56%,4.04
m/m/2 queuing model,232,650,35.69%,1.29
draw a symbol,229,4395,5.21%,4.75
spherical trigonometry formulas,227,2543,8.93%,2.67
words with 4 vowels in a row,223,1690,13.2%,5.18
symbol search draw,223,820,27.2%,3.03
linear calculator,222,6868,3.23%,9.47
draw symbol to identify,222,928,23.92%,2.89
linear interpolation calcualtor,222,281,79%,1
interpolated rate calculator,221,418,52.87%,1.02
a bayesian review of amazon resellers,212,288,73.61%,1.01
yyz morse code,211,7120,2.96%,4.4
lie algebra latex,211,355,59.44%,1.03
interpolation calculator thermodynamics,210,563,37.3%,1.12
rational approximation calculator,210,366,57.38%,1.04
interpolacao online,207,542,38.19%,3.49
arc length of ellipse,206,1702,12.1%,3.15
interpolasi,205,4936,4.15%,5.71
identify symbol by drawing,205,761,26.94%,2.58
elements abbreviation,204,1489,13.7%,2.09
draw symbol search,204,659,30.96%,2.99
linear interp,204,620,32.9%,1.98
calculate interpolation,203,451,45.01%,1.19
interpolation linear calculator,202,379,53.3%,1
latex much less than,201,4502,4.46%,3.05
bri calculator,200,9841,2.03%,10.34
pseudo inverse svd,200,843,23.72%,2.08
much less than latex,198,5226,3.79%,3.05
how does utf-8 work,198,574,34.49%,1.6
�,197,140437,0.14%,6.1
wavelength to rgb converter,194,351,55.27%,1.42
inkscape function plotter,191,521,36.66%,1.51
svd pseudoinverse,190,606,31.35%,1.7
running variance,189,868,21.77%,1.47
john d. cook,186,697,26.69%,1.1
interpulation,185,5235,3.53%,4.77
find symbol by drawing,185,1025,18.05%,3.01
latex fraktur,184,1044,17.62%,1.82
the bitter lesson richard sutton,182,5604,3.25%,6.02
how does utf 8 work,182,506,35.97%,1.63
copy to clipboard r,181,457,39.61%,1.38
r write to clipboard,179,377,47.48%,1.23
nm to rgb,178,852,20.89%,2
calculator interpolasi,178,304,58.55%,1.2
eigenvalue of 2x2 matrix,177,2313,7.65%,4.24
md5 collision example,177,1031,17.17%,2.85
interpolare liniara calculator,177,255,69.41%,1.03
latex to docx,176,11937,1.47%,7.07
period 3 implies chaos,173,1225,14.12%,2.74
mathematical fraktur font,173,460,37.61%,1.3
parabolic interpolation calculator,173,259,66.8%,1.06
how to calculate the day of the week for any date,172,846,20.33%,4.85
linearly interpolate,171,2068,8.27%,3.19
arc length of an ellipse,171,1333,12.83%,3.17
find a symbol by drawing it online,170,1118,15.21%,3.25
symplectic euler method,170,1061,16.02%,2.15
pseudoinverse svd,170,596,28.52%,1.93
calculator interpolare liniara,170,263,64.64%,1
md5 hash collision,168,5800,2.9%,7.97
period three implies chaos,168,1918,8.76%,3.2
extrapolate calculator,168,1097,15.31%,3.6
symplectic euler,167,2276,7.34%,2.7
find a symbol,166,851,19.51%,3.16
crinkle crankle wall math,164,557,29.44%,1.26
linear inter,163,588,27.72%,1.95
symbol lookup draw,163,487,33.47%,2.81
how to find the day of the week for any date,162,17212,0.94%,8.54
latex rotate symbol,162,462,35.06%,1.61
double interpolation calculator,161,4776,3.37%,6.19
how to remember ascii values,161,360,44.72%,1.43
projective special linear group,160,1945,8.23%,2.72
ramanujan ellipse circumference,160,815,19.63%,1.36
ascii value,158,33479,0.47%,4.33
symbol searcher,155,536,28.92%,3.5
interpolation equation,154,22340,0.69%,7.6
bit flip cosmic ray,152,4179,3.64%,4.75
twelvefold way,150,2450,6.12%,3.86
sphube,150,1667,9%,1.28
dormand prince method,148,1908,7.76%,3.88
md5 collision examples,148,608,24.34%,2.42
straight line interpolation calculator,148,240,61.67%,1
triple factorial,146,12504,1.17%,5.77
symbol recognizer,144,915,15.74%,4.7
interpolation calulator,144,188,76.6%,1.01
python spaceship operator,143,415,34.46%,1.46
decimal to fraction approximation,143,261,54.79%,1.52
interpolation website,143,254,56.3%,1.02
ascii values table,142,5539,2.56%,1.65
cosmic bit flip,142,4842,2.93%,4.58
interpolate formula calculator,140,181,77.35%,1
intersection of two circles,139,4063,3.42%,6.16
fibonacci lattice,139,3181,4.37%,5.27
online linear interpolation calculator,139,204,68.14%,1
dx latex,137,1201,11.41%,3.49
find a symbol by drawing it,137,667,20.54%,3
md5 hash collision example,137,443,30.93%,2.46
random fourier series,137,358,38.27%,1.72
gamma.cpp,136,807,16.85%,1.79
effective sample size mcmc,135,1364,9.9%,5.05
fraktur latex,134,820,16.34%,1.9
symbol drawer,133,752,17.69%,2.7
what symbol is this,132,6242,2.11%,8.66
unicode to html,132,2522,5.23%,5.22
product of two normal distributions,132,2480,5.32%,5.49
modes of convergence,132,1068,12.36%,3.2
interpolation solver,131,182,71.98%,1.02
how to know what day of the week a date is,128,509,25.15%,3.27
divisibility rule of 7 11 and 13,127,3054,4.16%,4.29
gauss lobatto,127,949,13.38%,3.56
list of pope names by frequency,126,4750,2.65%,5.27
raabe test,126,2264,5.57%,4.57
interpretation calculator,126,231,54.55%,1.14
how to depress a cubic,123,447,27.52%,2.29
interpulation calculator,122,145,84.14%,1.01
shuffle product,121,1129,10.72%,3.05
homophobic encryption,119,1122,10.61%,2.11
dx in latex,119,1017,11.7%,3.53
2x2 matrix eigenvalues,119,941,12.65%,3.56
how many feet in a mile,118,175772,0.07%,9.82
discriminant of cubic equation,118,5365,2.2%,5.66
mil-std-105,118,4773,2.47%,6.63
3 point interpolation calculator,118,165,71.52%,1.16
butcher tableau runge kutta,117,290,40.34%,1.27
pkl to txt,117,209,55.98%,1.38
interpolate formula,116,7982,1.45%,7.32
bic regex,115,628,18.31%,2.7
far frr cer,115,431,26.68%,1.98
how does utf8 work,115,222,51.8%,1.08
depressed cubic,114,13019,0.88%,6.3
straight line interpolation,113,2545,4.44%,4.84
interpolate linear,113,636,17.77%,2.45
interpolation table calculator,112,657,17.05%,1.02
arenstorf orbit,112,347,32.28%,1.41
bf16 range,111,1027,10.81%,2.41
possible football scores,110,1465,7.51%,4.65
draw symbol to translate,110,569,19.33%,5.58
latex to unicode converter,110,402,27.36%,3.04
interpolering kalkulator,110,175,62.86%,1.03
the bitter lesson,109,12698,0.86%,9
interpolar online,108,7619,1.42%,7.85
interpollation,108,4222,2.56%,4.9
latex function definition,108,1067,10.12%,2.34
lerp online,108,331,32.63%,2.47
phone keypad,107,64197,0.17%,2.47
interpolação calculadora,107,1992,5.37%,6.29
m/m/2 queue,107,380,28.16%,1.44
calculadora de interpolação,106,2471,4.29%,4.71
how to know the day of the week for any date,106,847,12.51%,5.44
latex to word,105,9213,1.14%,13.27
jinc function,105,2710,3.87%,3.18
fourier uncertainty principle,105,1795,5.85%,6.05
luminosity method,105,500,21%,1.87
o wad some power the giftie gie us translation,103,665,15.49%,2.92
draw symbol to text,103,483,21.33%,2.59
mobius transformation calculator,103,351,29.34%,3.83
corny ai,103,314,32.8%,1.59
richard sabey e approximation,103,261,39.46%,1.12
rational approximation of e,103,243,42.39%,1.2
how utf8 works,103,167,61.68%,1.11
truncated cauchy distribution,102,196,52.04%,1.51
secp256r1,101,9934,1.02%,7.56
interpolation thermodynamics calculator,101,193,52.33%,1.25
military standard sampling,100,4194,2.38%,5.86
product of normal distributions,100,2266,4.41%,5.35
symetrical words,100,394,25.38%,1.51
ellipse arc length,99,557,17.77%,2.58
interpolation program,99,521,19%,3.28
thermodynamics interpolation calculator,99,191,51.83%,1.07
ascci table,98,13433,0.73%,4.38
yyz in morse code,98,2520,3.89%,3.55
latex dx,98,1602,6.12%,3.81
log of factorial,98,1479,6.63%,2.91
interpulate,97,5592,1.73%,5.03
leapfrog integration,97,4622,2.1%,6.29
eigenvalue 2x2 matrix,97,912,10.64%,3.83
interpolate table,97,295,32.88%,2.04
linear interp calc,97,129,75.19%,1
quadratic interpolation,96,5757,1.67%,8.92
fsk spectrum,96,956,10.04%,3.15
lobatto quadrature,96,777,12.36%,3.25
look up symbols,96,462,20.78%,1.86
undo md5 hash,96,368,26.09%,2.54
approximate fraction calculator,96,239,40.17%,2.15
golay code,95,5964,1.59%,7
coulomb's law units,95,3611,2.63%,3.05
bfloat16 range,95,884,10.75%,2.58
linear interpolation online calculator,95,132,71.97%,1.01
symmetric words,94,831,11.31%,2.34
straight line on globe,94,392,23.98%,2.4
search symbols by drawing,93,287,32.4%,2.71
runge kutta butcher tableau,93,261,35.63%,1.35
ascii tabel,92,12330,0.75%,6.23
rule of three statistics,92,1408,6.53%,3.07
how utf-8 encoding works,92,219,42.01%,1.26
bessel function fm modulation,92,179,51.4%,1.14
write to clipboard r,91,149,61.07%,1.16
military standard,90,15242,0.59%,17.89
interpolasi linear,90,1478,6.09%,5.39
z85 encoding,90,1314,6.85%,4.78
1 degree longitude in km,89,7990,1.11%,5.15
aes sbox,89,4777,1.86%,6.7
unicode to html entity,89,366,24.32%,2.74
r copy table to clipboard,89,186,47.85%,1.3
posit number,88,851,10.34%,2.84
quaternion cross product,88,373,23.59%,2.58
interplation,87,2649,3.28%,4.73
nist p-384,87,942,9.24%,3.28
words with four vowels in a row,87,418,20.81%,4.53
draw and search symbol,87,216,40.28%,3.4
1 degree latitude in km,86,16923,0.51%,6.1
aes s-box,86,2449,3.51%,6.4
jupiter magic square,86,2049,4.2%,3.92
mathematical fraktur,86,645,13.33%,2.22
function definition latex,86,584,14.73%,2.27
ascii values,85,56144,0.15%,5.62
interploation,85,1285,6.61%,4.51
raw moment and central moment,85,1155,7.36%,5
wavelength to rgb formula,85,559,15.21%,3.77
butcher table runge kutta,85,241,35.27%,1.28
search a symbol,84,693,12.12%,2.79
find this symbol,84,390,21.54%,4.11
linearinterpolator,84,365,23.01%,2.54
interpolare dubla,84,171,49.12%,1.67
differential equation,83,4911,1.69%,9.86
difference equation vs differential equation,83,1436,5.78%,4.75
interpolation linéaire en ligne,83,1026,8.09%,3.49
how does utf-8 encoding work,83,172,48.26%,1.26
body roundness index formula,82,2420,3.39%,9.26
gamma function identity,82,768,10.68%,3.14
linera interpolation,82,328,25%,2.86
ascii map,81,7108,1.14%,2.02
line interpolation,81,676,11.98%,2.67
spherical geometry formulas,81,664,12.2%,3.05
interpolation app,81,505,16.04%,3.98
interpolater,80,2065,3.87%,3.95
interpolasi web,80,117,68.38%,1.4
operational calculus,79,3646,2.17%,7.56
pope names by frequency,79,1317,6%,3.12
m/m/2,79,659,11.99%,9.02
symbol identifier draw,79,361,21.88%,2.98
inkscape parametric curves,79,274,28.83%,2.27
linear intepolation,78,306,25.49%,2.83
lagrange multiplier geometric interpretation,78,255,30.59%,2.3
interpolation calculator aviation,78,154,50.65%,1.08
integration by parts what to make u,77,515,14.95%,2.62
interpolation en ligne,77,472,16.31%,4.4
search symbol by drawing,77,268,28.73%,3.08
convert wavelength to rgb,77,134,57.46%,1.24
feet in a mile,76,184846,0.04%,9.61
cubic discriminant,76,3836,1.98%,4.8
morse code yyz,76,1182,6.43%,3.37
integration by parts tips,76,569,13.36%,3.45
ratio of gamma functions,76,469,16.2%,3.48
rotation matrix to quaternion,75,1297,5.78%,6.55
running standard deviation,75,1127,6.65%,3.5
eigenvalue formula 2x2,75,401,18.7%,2.47
1 degree of longitude in km,74,5657,1.31%,4.6
calculadora interpolação,74,2286,3.24%,4.77
words with 4 consecutive vowels,74,503,14.71%,4.64
linear interpolatin,74,284,26.06%,2.78
what is this symbol draw,74,162,45.68%,2.39
masked name finder,74,105,70.48%,1.74
online interpolate,74,96,77.08%,1.06
how to tell the day of the week for any date,73,335,21.79%,4.75
smooth heaviside function,73,240,30.42%,2.09
mil-std-105e,72,4760,1.51%,8.36
ascii value chart,71,4154,1.71%,2
third order differential equation,71,3369,2.11%,6.81
ellipse arc length formula,71,545,13.03%,2.89
order statistics of normal distribution,71,224,31.7%,2.93
gell mann amnesia,70,18458,0.38%,9.96
acii table,70,11327,0.62%,4.51
draw unicode,70,3108,2.25%,5.55
difference equations vs differential equations,70,1015,6.9%,3.66
latex hebrew letters,70,315,22.22%,2.24
mds codes,69,1691,4.08%,4.6
raabe's test for convergence,69,1386,4.98%,4.3
interpolation lineaire,69,1038,6.65%,9.87
log factorial,69,738,9.35%,2.92
arc length ellipse,69,362,19.06%,2.7
intepolation,68,1435,4.74%,4.76
secp256r1 vs secp256k1,68,1108,6.14%,3.87
how to find the day of the week for any date formula,68,744,9.14%,5.54
look up symbol,68,304,22.37%,1.62
gell-mann amnesia effect,67,9418,0.71%,8.94
fibonacci sequence miles to km,67,881,7.6%,1.71
linear interpolation table,67,297,22.56%,4.07
pecunia non olet,66,22476,0.29%,12.6
picard's theorem,66,7950,0.83%,8.82
napier's rule,66,3113,2.12%,5.32
radix converter,66,1221,5.41%,3.33
element letters,66,845,7.81%,3.71
unicode drawer,65,1085,5.99%,2.91
fibonacci miles to km,65,776,8.38%,2.09
mcmc burn in,65,634,10.25%,3.56
how to calculate day of week from date,65,598,10.87%,5.35
"integrationwarning: the maximum number of subdivisions (50) has been 
achieved.",65,406,16.01%,2.76
thx intro chord,65,172,37.79%,1.3
quadratic spline calculator,65,161,40.37%,2.01
how to memorize ascii table,65,130,50%,1.17
fourier transform formula,64,29818,0.21%,3.9
leapfrog integrator,64,1894,3.38%,4.49
projective linear group,64,1870,3.42%,3.76
lagrange multiplier proof,64,1362,4.7%,7.73
inverse gamma distribution,63,12417,0.51%,9.12
draw unicode character,63,898,7.02%,4.88
formula for eigenvalues of 2x2 matrix,63,302,20.86%,3.11
group of order 2025,63,291,21.65%,4.56
interocular trauma test,63,272,23.16%,2.42
python a < b < c,63,212,29.72%,3.28
svd pseudo inverse,63,166,37.95%,1.88
calculate linear interpolation,63,145,43.45%,1.01
cubic equation solver,62,9087,0.68%,13.41
hom functor,62,5060,1.23%,5.51
mds code,62,3401,1.82%,4.88
renyi differential privacy,62,2155,2.88%,5.39
is height normally distributed,62,1582,3.92%,3.48
انتربوليشن,62,685,9.05%,2.54
md5 collision demo,62,349,17.77%,2.19
draw to find symbol,62,317,19.56%,2.84
abbreviations for elements,62,242,25.62%,2.09
cubic solver,61,7526,0.81%,9.73
latex independent symbol,61,3249,1.88%,5.42
wavelength to hex code,61,487,12.53%,3.69
lambert's theorem,61,476,12.82%,3.2
gram matrix example,61,433,14.09%,4.38
interpolação linear calculadora,61,270,22.59%,4.84
gell-mann amnesia,60,15072,0.4%,9.78
leapfrog method,60,5300,1.13%,7.29
unicode mac,60,1665,3.6%,6.31
wavelength to color converter,60,1633,3.67%,4.55
interpolation in calculator,60,1299,4.62%,3.78
unicode on mac,60,1222,4.91%,4.47
napier's rule spherical triangle,60,715,8.39%,3.44
inter polation,60,639,9.39%,4.34
how to reverse md5 hash,60,504,11.9%,3.21
linerar interpolation,60,181,33.15%,2.6
conjugate prior cheat sheet,60,149,40.27%,1.7
ascii tablica,59,5817,1.01%,1.05
raabes test,59,1255,4.7%,4.27
third order ode,59,472,12.5%,3.74
tips for integration by parts,59,350,16.86%,3.41
how to tell what day of the week any date is,59,346,17.05%,5.16
interpolate numbers,59,247,23.89%,2.77
linear interpolation cal,59,76,77.63%,1
independent symbol,58,10377,0.56%,4.09
body roundness index,58,2836,2.05%,27.01
how to figure out the day of the week for any date,58,411,14.11%,6.45
r copy dataframe to clipboard,58,383,15.14%,2.38
gramian matrix,57,4284,1.33%,5.51
double triple quadruple then what,57,2825,2.02%,5.11
apple squircle,57,2577,2.21%,5.17
cosmic rays flipping bits,57,550,10.36%,3.84
how do you calculate the day of the week from any date,57,356,16.01%,6.26
butcher tableu,57,168,33.93%,1.33
rotate symbol latex,57,143,39.86%,1.44
liniar interpolation,57,121,47.11%,2.87
latex fraktur letters,57,112,50.89%,1.19
ascii value of a,56,48950,0.11%,3.65
ascii tables,56,7176,0.78%,3.19
aes s box,56,2466,2.27%,6.65
multi index notation,56,668,8.38%,2.74
day of the week algorithm,56,342,16.37%,2.82
utf-8 explained,56,332,16.87%,4.31
gauss-lobatto quadrature,56,306,18.3%,2.89
linear interplation,56,189,29.63%,3.03
fiftuple,56,163,34.36%,1.07
renyi entropy,55,4501,1.22%,7.61
convert latex to word,55,3900,1.41%,11.1
mean anomaly vs true anomaly,55,1630,3.37%,4.88
secp256,55,1257,4.38%,4.12
magic square of jupiter,55,958,5.74%,3.71
symbol identification,55,734,7.49%,6.68
excel chess board,55,153,35.95%,1.8
running variance calculation,55,119,46.22%,1.43
coulomb constant,54,75059,0.07%,9.06
base85,54,6376,0.85%,8.14
gram determinant,54,3425,1.58%,5.64
quaternion to rotation matrix,54,2769,1.95%,8.2
secp256k1 vs secp256r1,54,1250,4.32%,4.04
swift code regex,54,381,14.17%,2.68
gauss lobatto points,54,278,19.42%,2.54
aviation interpolation calculator,54,89,60.67%,1.17
interpolate between two points calculator,54,70,77.14%,1
a little knowledge is a dangerous thing,53,14113,0.38%,8.16
legendre polynomials,53,10739,0.49%,8.86
runge phenomenon,53,5998,0.88%,5.75
halley's method,53,3259,1.63%,6.33
how to type unicode on mac,53,1881,2.82%,4.93
spherical excess formula,53,1411,3.76%,2.42
how to calculate interpolation,53,1255,4.22%,5.19
identify a symbol,53,603,8.79%,6.47
how to calculate the day of the week from any date,53,420,12.62%,7.04
approximations of e,53,410,12.93%,3.31
how to write c# in latex,53,357,14.85%,2.94
sentence with all vowels,53,306,17.32%,2.26
latus rectum of ellipse,52,21616,0.24%,7.88
mean anomaly,52,11467,0.45%,8.12
acsii table,52,6685,0.78%,4.34
fredholm alternative,52,3605,1.44%,7.24
md5 collisions,52,2477,2.1%,7.74
much less latex,52,1145,4.54%,2.73
r to clipboard,52,108,48.15%,1.21
what comes after sextuple,51,7962,0.64%,5.57
npi number example,51,5231,0.97%,7.4
radix calculator,51,761,6.7%,4.21
rule of 3 statistics,51,593,8.6%,2.69
unicode logic symbols,51,395,12.91%,2.57
elements abbreviations,51,391,13.04%,2.51
straight line on a globe,51,288,17.71%,1.98
linear interploation,51,162,31.48%,3.01
hebrew in latex,51,153,33.33%,3.39
copy to clipboard in r,51,95,53.68%,1.22
coulomb's constant,50,59871,0.08%,9.42
0.42857142857 as a fraction,50,5600,0.89%,2
osborn's rule,50,1818,2.75%,3.81
symbol draw,50,1244,4.02%,4.88
central moment and raw moment,50,497,10.06%,4.75
garner's algorithm,50,348,14.37%,2.8
math fraktur,50,282,17.73%,1.62
eigenvalues of 2 by 2 matrix,50,160,31.25%,2.75
fm bessel function,50,125,40%,1.21
linear interpolation excel,49,3834,1.28%,12.65
trilinear coordinates,49,1747,2.8%,5.91
richard sutton the bitter lesson,49,1540,3.18%,5.71
what is a gram matrix,49,1103,4.44%,3.63
unicode steganography,49,664,7.38%,5.48
linear interpolation calculator with steps,49,426,11.5%,3.36
swanson mean,49,337,14.54%,3
read pickle file online,49,274,17.88%,4.89
draw and find symbol,49,228,21.49%,3.23
search for a symbol,49,206,23.79%,3.07
biased random number generator,49,169,28.99%,4.88
mm2 queue,49,142,34.51%,1.35
table interpolation calculator,49,75,65.33%,1
latex much greater than,48,4134,1.16%,4.35
golay codes,48,1531,3.14%,5.54
dormand prince,48,1463,3.28%,4.25
inerpolation,48,1230,3.9%,4.59
12 fold way,48,609,7.88%,2.87
gauss-lobatto,48,357,13.45%,3.34
binomial coefficient bounds,48,328,14.63%,3.41
look up a symbol,48,219,21.92%,2.65
bounds on binomial coefficients,48,186,25.81%,5.08
lineare interpolation rechner,47,4835,0.97%,8.29
joukowski transformation,47,1710,2.75%,8.77
napiers rule,47,1233,3.81%,4.82
linearna interpolacija,47,478,9.83%,6.44
curious numbers,47,297,15.82%,2.09
zero concentrated differential privacy,47,208,22.6%,1.87
symbol draw search,47,145,32.41%,3.03
inkscape plot function,47,72,65.28%,1.15
interpolate cal,47,59,79.66%,1
asciitable,46,18331,0.25%,4.73
bum biddy meaning,46,4283,1.07%,7.41
base32 vs base64,46,2025,2.27%,5.18
how many km is 1 degree of longitude,46,1948,2.36%,3.06
interpolatin,46,1114,4.13%,4.64
interpoltion,46,946,4.86%,4.89
words that are symmetrical,46,631,7.29%,1.51
extrapolation online,46,518,8.88%,4.93
inverse gamma distribution pdf,46,432,10.65%,3.09
how utf 8 works,46,93,49.46%,1.33
calculator de interpolare,46,51,90.2%,1
linear extrapolation,45,4392,1.02%,12.85
much smaller than latex,45,1963,2.29%,3.83
cer cyber security,45,843,5.34%,2.81
generalized central limit theorem,45,815,5.52%,7.1
cubic equation discriminant,45,805,5.59%,5.33
hilbert transform of sin wt,45,535,8.41%,3.21
unicode surrogates,45,414,10.87%,4.11
gamma identities,45,291,15.46%,2.32
how to calculate day of the week,45,286,15.73%,4.74
eigenvalues 2x2,45,230,19.57%,3
62,44,12862,0.34%,1.8
how to find eigenvalues of a 2x2 matrix,44,4695,0.94%,8.1
latex much smaller than,44,1661,2.65%,3.87
eigenvalue of a 2x2 matrix,44,690,6.38%,4.57
latex hebrew,44,611,7.2%,6.54
eigenvalues of 2x2 matrix formula,44,280,15.71%,2.65
eigenvalues of 2x2,44,239,18.41%,3.05
integral equations,43,18352,0.23%,4.89
how many miles is 1 degree of latitude,43,5658,0.76%,4.03
how to calculate bri,43,2426,1.77%,7.96
latex under bracket,43,1125,3.82%,3.61
bitter lesson richard sutton,43,810,5.31%,5.08
uncertainty principle fourier transform,43,715,6.01%,7.15
linear interpretation,43,647,6.65%,5.75
linear interpolation.,43,578,7.44%,3.01
johndcook.com,43,487,8.83%,1
product of gamma functions,43,408,10.54%,5.18
2x2 eigenvalue,43,391,11%,3.38
multi-index notation,43,330,13.03%,2.76
source insight vs vscode,43,186,23.12%,4.61
interpolation chart,43,160,26.88%,1.93
sierpinski triangle random dots,43,157,27.39%,1.98
frr far cer,43,148,29.05%,2
"john d. cook, phd",43,113,38.05%,1.07
john cook,42,15756,0.27%,14.52
aski table,42,3856,1.09%,4.02
unicode draw,42,1844,2.28%,6.29
posit numbers,42,611,6.87%,3.73
miles to km fibonacci,42,551,7.62%,2.5
laplace distribution vs normal distribution,42,431,9.74%,2.26
raw and central moments,42,426,9.86%,4.97
linear combination of sine and cosine,42,411,10.22%,5.04
fibonacci sphere sampling,42,357,11.76%,3.36
linear interpolations,42,246,17.07%,3.16
vincenty formula python,42,201,20.9%,4.16
area of triangle in complex plane,42,200,21%,4.53
linear interpolation equation calculator,42,69,60.87%,1.01
how to interpolate,41,9938,0.41%,10.53
eccentric anomaly,41,6465,0.63%,8.48
reverse md5 hash,41,6251,0.66%,9.57
bronze ratio,41,6209,0.66%,7.66
bilinear interpolation calculator,41,2396,1.71%,8.03
bessel function python,41,2114,1.94%,7.42
python bessel function,41,1937,2.12%,7.05
discriminant of a cubic,41,1931,2.12%,4.2
law of cotangents,41,1392,2.95%,3.82
kepler platonic solids,41,1290,3.18%,3
contraharmonic mean,41,961,4.27%,2.76
fibonacci sphere algorithm,41,838,4.89%,5.47
iterpolation,41,807,5.08%,4.5
randu generator,41,431,9.51%,3.1
how to write c# in overleaf,41,319,12.85%,3.64
linear interpolatio,41,298,13.76%,2.89
mcmc effective sample size,41,255,16.08%,4.31
interpolation คํานวณ,41,226,18.14%,4.72
binomial coefficient upper bound,41,220,18.64%,3.14
raabe's test for series,41,202,20.3%,3.31
linear inerpolation,41,132,31.06%,2.93
linear int,41,100,41%,1.39
reverse cauchy schwarz,41,83,49.4%,1.01
linear interpolation solver,41,82,50%,1
f-state,41,75,54.67%,6.57
how many unicode characters are there,40,9169,0.44%,5.97
borwein integral,40,5921,0.68%,7.85
lineare interpolation,40,3513,1.14%,26.21
ascıı table,40,3075,1.3%,1.18
mil std 105,40,1986,2.01%,6.89
big o tilde,40,460,8.7%,2.66
table interpolation,40,368,10.87%,3.79
list of conjugate priors,40,269,14.87%,2.7
swansons mean,40,253,15.81%,2.57
search for symbol,40,199,20.1%,3.95
baseball inequality,40,101,39.6%,1.34
gell mann amnesia effect,39,5937,0.66%,9.11
non linear algebra,39,5659,0.69%,7.75
cesaro summation,39,4218,0.92%,6.49
central moment formula,39,3508,1.11%,5.56
delta v map,39,3441,1.13%,3.51
squigonometry,39,1510,2.58%,8.66
practrand,39,1444,2.7%,6.49
rational approximations of pi,39,1401,2.78%,3.99
interpolar calculadora,39,1375,2.84%,9.65
osborne's rule,39,979,3.98%,3.72
swanson's mean,39,283,13.78%,3.04
luminosity method grayscale,39,179,21.79%,2.03
all possible football scores,39,172,22.67%,4.41
vis viva equation,38,16196,0.23%,8.5
to see ourselves as others see us,38,4420,0.86%,7.01
assci table,38,3602,1.05%,4.05
heron's formula,38,3567,1.07%,18.69
keyhole contour,38,3072,1.24%,7.73
cesaro summability,38,3015,1.26%,7.13
morse code music,38,2205,1.72%,6.83
interpolatio,38,1912,1.99%,4.77
joukowsky transform,38,1117,3.4%,7.57
dodgson condensation,38,888,4.28%,4.52
linearinterpolation,38,645,5.89%,3.31
morse code for yyz,38,543,7%,3.39
what is a nuclear tornado,38,491,7.74%,3.34
fibonacci lattice sphere,38,387,9.82%,4.11
c# in latex,38,315,12.06%,3.24
huxleyian,38,295,12.88%,1.53
maximum distance separable code,38,205,18.54%,2.91
english words with 4 vowels in a row,38,120,31.67%,4.14
utf8 explained,38,114,33.33%,3.59
bessel function in frequency modulation,38,103,36.89%,1.47
torus solutions differential equation,38,68,55.88%,1
modal logic latex,38,66,57.58%,1
interpolation calcu,38,50,76%,1
cobweb diagram,37,7047,0.53%,3.79
spherical triangle formula,37,4138,0.89%,6.07
pgp fingerprint,37,3772,0.98%,7.69
mil std 105e,37,3748,0.99%,9.26
interpolation method,37,2411,1.53%,17.47
unicode 17.0,37,1963,1.88%,7.77
bitter lesson sutton,37,1829,2.02%,7.2
interpolação linear,37,1723,2.15%,17.13
p-384,37,1342,2.76%,4.14
bri formula,37,1202,3.08%,8.82
costas array,37,882,4.2%,4.91
saxophone frequency range,37,855,4.33%,2.28
superharmonic function,37,677,5.47%,4.27
powershell match case sensitive,37,674,5.49%,4.75
fourier transform uncertainty principle,37,640,5.78%,7
linesr interpolation,37,532,6.95%,3.78
conditional independence symbol,37,515,7.18%,2.46
interpulator,37,463,7.99%,2.38
sum of nth powers,37,322,11.49%,4
gibbs method orbit determination,37,314,11.78%,4.84
chemical element abbreviations,37,273,13.55%,3.01
liminal subliminal,37,264,14.02%,1.96
ramanujan's approximation,37,231,16.02%,1.65
straight line globe,37,122,30.33%,2.07
fraction approximation calculator,37,72,51.39%,1.03
conjugate priors,36,6656,0.54%,7.94
runge's phenomenon,36,5775,0.62%,5.38
the bitter lesson rich sutton,36,1663,2.16%,6.41
area of quadrilateral in determinant form,36,571,6.3%,5.84
todd function,36,459,7.84%,4.14
napier's rules,36,379,9.5%,3.34
multiplying normal distributions,36,379,9.5%,4.76
pickle file reader,36,347,10.37%,6.05
drawing to symbol,36,296,12.16%,3.43
oblate spheroid surface area,36,193,18.65%,2.92
how to tell what day of the week a date is,36,106,33.96%,2.05
how to look up a symbol,36,84,42.86%,3.61
a ascii value,35,27605,0.13%,3.91
bump function,35,5869,0.6%,8.07
catenary vs parabola,35,4998,0.7%,6.88
one degree of latitude is equal to,35,3313,1.06%,4.21
how far is one degree of latitude,35,2759,1.27%,3.73
gram matrices,35,1466,2.39%,5.84
discriminant of a cubic equation,35,1409,2.48%,5.03
the bitter lesson sutton,35,1297,2.7%,6.82
eigen value of 2x2 matrix,35,889,3.94%,7.33
pluto charon barycenter,35,789,4.44%,3.5
calculate day of week from date,35,684,5.12%,8.6
latex much less,35,612,5.72%,2.8
much less than symbol latex,35,516,6.78%,3.05
all vowels in one sentence,35,181,19.34%,2.61
most common english king names,35,158,22.15%,3.77
llm regex,35,142,24.65%,2.65
rk4 butcher tableau,35,133,26.32%,1.27
spaceship operator python,35,74,47.3%,1.23
frequency modulation bessel function,35,55,63.64%,1.04
how many feet are in a mile,34,47861,0.07%,10.11
emacs windows,34,8744,0.39%,10.98
askii table,34,3933,0.86%,4.21
md5 reverse,34,2823,1.2%,12.61
rgb to wavelength,34,1987,1.71%,9.1
in2csv,34,1681,2.02%,6.16
hebrew letters in math,34,1099,3.09%,2.97
what is gram matrix,34,709,4.8%,4.18
o wad some pow'r the giftie us,34,708,4.8%,5.76
short form of elements,34,702,4.84%,3.37
double linear interpolation calculator,34,601,5.66%,4.53
body roundness index wikipedia,34,511,6.65%,7.27
cer biometrics,34,425,8%,2.43
fft coefficients,34,346,9.83%,3.84
interpolation on calculator,34,343,9.91%,3.9
cosine of a matrix,34,327,10.4%,4
log semiring,34,317,10.73%,2.36
surface area of oblate spheroid,34,222,15.32%,3.37
apple squircle formula,34,173,19.65%,2.96
html entity to unicode,34,86,39.53%,2.52
eigenvalue of 2x2 matrix shortcut,34,75,45.33%,2.41
quaternion multiplication matrix,34,65,52.31%,1.14
john cook math,34,54,62.96%,1.09
linear interpolate calculator,34,38,89.47%,1
morse code numbers,33,30818,0.11%,9.3
germany country code,33,10677,0.31%,2.1
permutation symbol,33,6729,0.49%,6.87
galois field,33,5391,0.61%,13.11
much greater than latex,33,4642,0.71%,4.66
what letter starts the most words in the english language,33,4412,0.75%,9.46
heaps law,33,4147,0.8%,6.8
bitter lesson,33,3701,0.89%,9.55
acscii table,33,3601,0.92%,4.14
maidenhead locator,33,2988,1.1%,9.84
independent symbol latex,33,2380,1.39%,5.33
points of intersection of two circles formula,33,1852,1.78%,7.27
subliminal vs liminal,33,1766,1.87%,2.84
coulombs law units,33,1345,2.45%,2.79
osborns rule,33,957,3.45%,4.59
interpolation between two points,33,932,3.54%,8.8
find the symbol,33,472,6.99%,6.14
chess puzzle,33,457,7.22%,22.6
multiindex notation,33,439,7.52%,3.29
log of a factorial,33,348,9.48%,2.39
markov brothers inequality,33,337,9.79%,3.51
tableau de butcher,33,306,10.78%,4.29
lambert theorem,33,272,12.13%,3.71
solar system subway map,33,257,12.84%,2.59
how to learn ascii code,33,224,14.73%,2.56
elements and abbreviations,33,202,16.34%,2.19
online extrapolation calculator,33,186,17.74%,4.34
circle of fifths math,33,176,18.75%,3.68
state and prove picard's theorem,33,160,20.62%,2.92
factorization,33,125,26.4%,1
morse code palindromes,33,106,31.13%,2.05
how to look up symbols,33,101,32.67%,3.67
spherical triangle,32,10102,0.32%,9.61
half life calculator,32,7056,0.45%,14.17
ascii tabl,32,4202,0.76%,4.18
factorial approximation,32,4035,0.79%,5.85
random number generation,32,3668,0.87%,9.37
richard sutton bitter lesson,32,2663,1.2%,6.86
double interpolation,32,1429,2.24%,9.5
gpg fingerprint,32,1214,2.64%,7.57
how to measure bri,32,1180,2.71%,8.26
draw symbols,32,1168,2.74%,6.37
bri index calculator,32,1009,3.17%,9.1
how to know what day of the week any date is,32,724,4.42%,6.92
lagrange multipliers proof,32,564,5.67%,7.56
spherical pythagorean theorem,32,505,6.34%,6.06
in every work of genius we recognize,32,490,6.53%,4.41
how to calculate day of the week from date,32,417,7.67%,5.1
cobweb plots,32,258,12.4%,2.92
even moments of normal distribution,32,203,15.76%,4.87
linear interpol,32,83,38.55%,2.12
conjugate prior,31,13184,0.24%,8.46
inverse factorial,31,5073,0.61%,9.05
pecunia non olet meaning,31,4935,0.63%,6.01
much greater than symbol,31,4523,0.69%,3.37
pullback category theory,31,2824,1.1%,6.07
perimeter of ellipse,31,2687,1.15%,12.31
1420 mhz,31,1764,1.76%,3.66
double triple quadruple what's next,31,1623,1.91%,5.94
operator calculus,31,1339,2.32%,5.98
posit number system,31,1144,2.71%,6.47
how many km is 1 degree of latitude,31,1045,2.97%,3.06
chess in excel,31,815,3.8%,6.83
base64 vs base32,31,800,3.88%,5.32
renyi dp,31,700,4.43%,4.01
law of small numbers example,31,659,4.7%,3.73
cosmic rays bit flip,31,567,5.47%,4.78
interpolation calculator 2 points,31,487,6.37%,3.6
dormand-prince method,31,476,6.51%,4.38
interpoation,31,383,8.09%,4.52
logarithm of factorial,31,295,10.51%,3.17
buenos aires constant,31,241,12.86%,1.52
gpg ascii armor,31,227,13.66%,2.64
pythagorean triple dates,31,198,15.66%,4.43
utf 8 explained,31,191,16.23%,4.48
draw symbol translator,31,162,19.14%,5.04
rgb to nm,31,139,22.3%,3.29
calcul interpolation,31,105,29.52%,3.15
phone keypad notes,31,103,30.1%,1.85
interpolation calcuator,31,36,86.11%,1.03
nonlinear algebra,30,4881,0.61%,8.24
number morse code,30,4354,0.69%,8.19
cobweb plot,30,3666,0.82%,7.08
leapfrog algorithm,30,2610,1.15%,8.04
interpolat,30,2193,1.37%,5.48
depressed cubic equation,30,2060,1.46%,7.56
lineær interpolation,30,1363,2.2%,6.27
independent latex,30,1140,2.63%,5.21
valid npi number example,30,491,6.11%,4.32
raabe test for convergence,30,434,6.91%,3.82
bluetooth symbol unicode,30,309,9.71%,2.66
calculate day of week algorithm,30,292,10.27%,3.92
interpolated treasury rate calculator,30,197,15.23%,3.67
john d'cook interpolation,30,34,88.24%,1
triple quadruple,29,13702,0.21%,6.57
much less than symbol,29,2232,1.3%,2.95
3rd order differential equation,29,2119,1.37%,6.94
independent symbol math,29,1200,2.42%,2.24
latex bracket under equation,29,1155,2.51%,3.55
independence symbol math,29,981,2.96%,2.13
rng test,29,964,3.01%,6.61
eigenvalues for 2x2 matrix,29,808,3.59%,6.01
interolation,29,527,5.5%,4.58
ergodic etymology,29,436,6.65%,4.29
regex llm,29,295,9.83%,4.16
aes s-box calculation,29,294,9.86%,5.37
far frr eer,29,274,10.58%,4.26
how to write dx in latex,29,226,12.83%,3.62
most common starting letters in english,29,187,15.51%,4.91
square digit sum,29,172,16.86%,1.33
most humans have an above average number of legs,29,163,17.79%,2.23
difference equation and differential equations,29,114,25.44%,3.16
lienar interpolation,29,112,25.89%,2.64
kronecker sum of matrices,29,102,28.43%,3.21
ramanujan factorial approximation,29,69,42.03%,1.14
symbols identifier,29,67,43.28%,3.01
light wavelength to rgb,29,63,46.03%,1.46
stirling approximation,28,31415,0.09%,4.92
a little learning is a dangerous thing,28,5493,0.51%,8.4
how many miles is a degree of latitude,28,4482,0.62%,4.47
asciii table,28,4343,0.64%,4.64
abbreviation for german,28,3028,0.92%,3.41
sacha chua,28,2142,1.31%,3.02
one degree latitude in km,28,1990,1.41%,4.84
bri index,28,1195,2.34%,14.65
metal abbreviations,28,1043,2.68%,4.84
quaternion dot product,28,893,3.14%,8.48
interporlation,28,748,3.74%,4.7
binary golay code,28,579,4.84%,5.44
γραμμικη παρεμβολη online,28,526,5.32%,4.21
cosmic radiation bit flip,28,284,9.86%,4.57
hebrew latex,28,214,13.08%,5.41
relationship between distributions,28,165,16.97%,2.84
interpolare liniara formula,28,155,18.06%,4.08
permutation distance,28,143,19.58%,2.91
interpolate value,28,136,20.59%,3.67
web interpolasi,28,54,51.85%,2
how utf-8 works,28,45,62.22%,1.09
interpolating,27,14993,0.18%,9.1
integral equation,27,14153,0.19%,7.17
cubic equation calculator,27,4908,0.55%,11.6
dirac comb,27,4631,0.58%,8.39
emacs on windows,27,3095,0.87%,9.08
7 11 13 divisibility rule,27,2182,1.24%,4.93
tex to word,27,2089,1.29%,10.58
varicode,27,1757,1.54%,3.19
gpg armor,27,1728,1.56%,5.74
radix conversion,27,1521,1.78%,6.83
unicode 17,27,1489,1.81%,6.62
intersection of 2 circles,27,923,2.93%,6.3
incomplete gamma function python,27,671,4.02%,4.36
open pickle file online,27,521,5.18%,7.44
how to use unicode on mac,27,432,6.25%,3.47
interpolution,27,398,6.78%,4.39
closest fraction to decimal,27,386,6.99%,7.64
calculadora interpolação linear,27,356,7.58%,4.51
fibonacci sequence miles to kilometers,27,320,8.44%,2
interpolate in calculator,27,268,10.07%,4.66
privacy budget differential privacy,27,264,10.23%,4.87
riemann zeta function,27,258,10.47%,15.41
how to find a symbol,27,238,11.34%,5.61
best rational approximation,27,224,12.05%,5.72
mode of convergence,27,199,13.57%,2.71
underdetermined least squares,27,190,14.21%,3.29
raabe's test examples,27,188,14.36%,7.32
unicode bluetooth symbol,27,186,14.52%,2.99
why is height normally distributed,27,157,17.2%,1.87
words with four consecutive vowels,27,135,20%,4.15
interpolation calculater,27,31,87.1%,1
circumference of an ellipse,26,5089,0.51%,10.99
coulomb's constant units,26,3362,0.77%,4.18
cyclic property of trace,26,3322,0.78%,8.05
smooth step function,26,1957,1.33%,9.4
export latex to word,26,1552,1.68%,6.4
sone phon,26,1522,1.71%,5.29
bum biddy,26,1314,1.98%,2.48
two letter acronyms,26,1145,2.27%,8.67
convert latex to docx,26,1069,2.43%,7.15
decimal approximation calculator,26,988,2.63%,6.09
wavelength to hex,26,952,2.73%,3.8
thx chord,26,727,3.58%,2.96
application of euler's theorem,26,434,5.99%,4.21
how to find fundamental frequency given two frequencies,26,431,6.03%,2.52
symmetrical words examples,26,297,8.75%,2.45
ecc p384,26,275,9.45%,3.23
extrapolation formula calculator,26,263,9.89%,5.81
eigenvalue formula for 2x2 matrix,26,196,13.27%,2.9
knud thomsen's formula,26,191,13.61%,3.89
fraktur font latex,26,156,16.67%,2.32
globe straight line,26,147,17.69%,2.23
draw to find,26,128,20.31%,5.61
eccentric anomaly vs true anomaly,26,112,23.21%,2.18
linear interpulation,26,88,29.55%,2.6
calcul interpolation linéaire,26,69,37.68%,5.49
pseudo inverse using svd,26,68,38.24%,1.62
interpolar calculator,26,33,78.79%,1
quadruple,25,40657,0.06%,11.94
1 degree latitude in miles,25,3396,0.74%,4.7
1 degree of latitude in km,25,2793,0.9%,4.95
nuclear tornado,25,2651,0.94%,7.94
interpolate between two points,25,1812,1.38%,9.03
latex to docx converter,25,1339,1.87%,8.44
military sampling,25,1333,1.88%,2.11
hard analysis,25,1224,2.04%,4.83
inverse gamma pdf,25,1078,2.32%,4.64
4 types of statistical errors,25,1046,2.39%,7.31
elements short form,25,876,2.85%,3.5
interpolition,25,776,3.22%,4.56
discriminant of a cubic polynomial,25,680,3.68%,5.23
rational trigonometry,25,680,3.68%,9.64
how many km in a degree of latitude,25,663,3.77%,2.89
yyz morse,25,492,5.08%,4.37
surveyors formula,25,450,5.56%,4.25
ellipse arc length calculator,25,445,5.62%,7.73
secp256r1 curve,25,442,5.66%,6.11
true anomaly vs mean anomaly,25,415,6.02%,4.41
intersection points of two circles,25,368,6.79%,6.06
token vs word,25,346,7.23%,3.75
integration by parts tricks,25,332,7.53%,4.55